Date,ha_open,ha_high,ha_low,ha_close,volume
2020-10-05 09:15:00,275.399995,296.70001,257.0,276.125,8546238.0
2020-10-06 09:15:00,275.7624975,275.7624975,261.54999,268.987495,2721384.0
2020-10-07 09:15:00,272.3749962,272.3749962,262.5,265.237495,820136.0
2020-10-08 09:15:00,268.8062456,273.35001,264.54999,268.95,738241.0
2020-10-09 09:15:00,268.8781228,276.0,268.8781228,272.925005,556877.0
2020-10-12 09:15:00,270.9015639,276.89999,265.0,271.5875,440911.0
2020-10-13 09:15:00,271.244532,272.0,263.0,267.7875,369077.0
2020-10-14 09:15:00,269.516016,269.516016,260.60001,264.6374975,231804.0
2020-10-15 09:15:00,267.0767568,267.0767568,255.0,260.3499975,215948.0
2020-10-16 09:15:00,263.7133772,263.7133772,243.0,251.425005,229542.0
2020-10-19 09:15:00,257.5691911,257.5691911,234.3,241.3625025,309611.0
2020-10-20 09:15:00,249.4658468,249.4658468,223.8,230.2875025,297360.0
2020-10-21 09:15:00,239.8766746,243.8,222.2,231.7875,1258953.0
2020-10-22 09:15:00,235.8320873,244.60001,233.05,238.7750025,392676.0
2020-10-23 09:15:00,237.3035449,242.95,235.60001,240.0125025,383393.0
2020-10-26 09:15:00,238.6580237,251.2,238.6580237,245.2875,320284.0
2020-10-27 09:15:00,241.9727618,298.5,241.9727618,282.75,4710027.0
2020-10-28 09:15:00,262.3613809,335.89999,262.3613809,309.125,7045997.0
2020-10-29 09:15:00,285.7431904,329.95001,285.7431904,313.162505,1977364.0
2020-10-30 09:15:00,299.4528477,379.0,299.4528477,346.825005,4462994.0
2020-11-02 09:15:00,323.1389264,354.0,314.29999,334.4624925,933339.0
2020-11-03 09:15:00,328.8007094,328.89999,296.5,309.199995,848752.0
2020-11-04 09:15:00,319.0003522,322.79999,290.64999,305.549995,768906.0
2020-11-05 09:15:00,312.2751736,320.0,304.79999,312.8000025,288705.0
2020-11-06 09:15:00,312.537588,317.45001,309.04999,312.487495,359419.0
2020-11-09 09:15:00,312.5125415,342.70001,309.14999,324.5999975,2120253.0
2020-11-10 09:15:00,318.5562695,345.89999,318.5562695,334.1624975,721991.0
2020-11-11 09:15:00,326.3593835,338.79999,323.35001,330.475,505739.0
2020-11-12 09:15:00,328.4171918,343.5,326.60001,335.2875,517305.0
2020-11-13 09:15:00,331.8523459,364.10001,331.8523459,346.700005,915610.0
2020-11-14 18:00:00,339.2761754,355.0,339.2761754,351.1,149447.0
2020-11-17 09:15:00,345.1880877,356.5,345.0,349.7624975,632194.0
2020-11-18 09:15:00,347.4752926,354.95001,347.4752926,351.312505,204970.0
2020-11-19 09:15:00,349.3938988,369.35001,346.85001,355.47501,547130.0
2020-11-20 09:15:00,352.4344544,364.0,352.4344544,358.737495,259500.0
2020-11-23 09:15:00,355.5859747,363.89999,355.5859747,358.987495,178666.0
2020-11-24 09:15:00,357.2867348,360.0,353.5,356.1625,140872.0
2020-11-25 09:15:00,356.7246174,363.75,351.75,355.7125025,273223.0
2020-11-26 09:15:00,356.21856,358.39999,351.5,354.4374975,134142.0
2020-11-27 09:15:00,355.3280288,360.29999,351.5,355.4749925,249363.0
2020-12-01 09:15:00,355.4015106,356.89999,350.25,352.6999975,153972.0
2020-12-02 09:15:00,354.050754,354.050754,348.75,351.100005,119345.0
2020-12-03 09:15:00,352.5753795,353.10001,347.5,350.2874975,119037.0
2020-12-04 09:15:00,351.4314385,352.0,347.14999,349.0250025,126982.0
2020-12-07 09:15:00,350.2282205,408.0,350.04999,372.725,1132733.0
2020-12-08 09:15:00,361.4766102,385.39999,360.0,372.8374925,378460.0
2020-12-09 09:15:00,367.1570514,378.0,357.25,364.9125,478312.0
2020-12-10 09:15:00,366.0347757,368.75,353.75,360.875,291865.0
2020-12-11 09:15:00,363.4548878,367.20001,354.20001,359.8375075,217875.0
2020-12-14 09:15:00,361.6461976,363.89999,354.5,359.3249975,164219.0
2020-12-15 09:15:00,360.4855976,364.85001,353.10001,357.4125075,184641.0
2020-12-16 09:15:00,358.9490526,363.75,357.0,360.0500025,213563.0
2020-12-17 09:15:00,359.4995276,363.0,357.0,358.6624975,75165.0
2020-12-18 09:15:00,359.0810126,361.89999,343.04999,352.7874975,424373.0
2020-12-21 09:15:00,355.934255,355.934255,316.70001,337.3000025,498025.0
2020-12-22 09:15:00,346.6171288,346.6171288,315.04999,329.07499,348717.0
2020-12-23 09:15:00,337.8460594,341.0,326.0,332.7874975,137526.0
2020-12-24 09:15:00,335.3167784,344.0,335.0,338.8000025,231309.0
2020-12-28 09:15:00,337.0583904,342.85001,334.5,338.1500025,146899.0
2020-12-29 09:15:00,337.6041964,341.85001,335.0,337.925005,223265.0
2020-12-30 09:15:00,337.7646007,344.0,329.5,337.200005,351295.0
2020-12-31 09:15:00,337.4823028,339.5,331.45001,335.75,164791.0
2021-01-01 09:15:00,336.6161514,341.20001,334.70001,337.6375025,125610.0
2021-01-04 09:15:00,337.126827,356.70001,336.95001,345.162505,644292.0
2021-01-05 09:15:00,341.144666,357.70001,339.29999,349.075005,843235.0
2021-01-06 09:15:00,345.1098355,361.0,345.1098355,354.537505,344067.0
2021-01-07 09:15:00,349.8236702,370.0,349.8236702,359.6625,372362.0
2021-01-08 09:15:00,354.7430851,375.79999,354.7430851,366.6999975,404986.0
2021-01-11 09:15:00,360.7215413,369.60001,352.70001,361.1625075,215776.0
2021-01-12 09:15:00,360.9420244,367.0,356.0,359.9499975,143789.0
2021-01-13 09:15:00,360.446011,366.85001,347.0,356.4125,256008.0
2021-01-14 09:15:00,358.4292555,360.0,349.0,353.4124975,461488.0
2021-01-15 09:15:00,355.9208765,358.75,348.0,352.9625025,95157.0
2021-01-18 09:15:00,354.4416895,354.4416895,345.75,349.1374975,98225.0
2021-01-19 09:15:00,351.7895935,355.0,348.35001,351.3875075,90823.0
2021-01-20 09:15:00,351.5885505,358.75,351.5,354.6500025,83613.0
2021-01-21 09:15:00,353.1192765,370.0,353.1192765,361.3125,241273.0
2021-01-22 09:15:00,357.2158882,370.5,357.2158882,364.112505,249783.0
2021-01-25 09:15:00,360.6641966,369.79999,351.0,363.962495,87582.0
2021-01-27 09:15:00,362.3133458,370.0,355.75,364.7375025,144752.0
2021-01-28 09:15:00,363.5254242,372.95001,360.89999,367.2625025,109703.0
2021-01-29 09:15:00,365.3939634,377.89999,337.25,358.1624975,712678.0
2021-02-01 09:15:00,361.7782304,361.7782304,320.85001,335.149995,378960.0
2021-02-02 09:15:00,348.4641127,359.0,336.14999,343.9124975,500237.0
2021-02-03 09:15:00,346.1883051,356.0,343.04999,347.424995,169887.0
2021-02-04 09:15:00,346.80665,360.0,346.80665,351.7249975,132227.0
2021-02-05 09:15:00,349.2658238,353.10001,337.14999,343.3625025,176012.0
2021-02-08 09:15:00,346.3141632,346.45001,339.39999,343.2125,209225.0
2021-02-09 09:15:00,344.7633316,352.85001,344.75,347.2125025,143812.0
2021-02-10 09:15:00,345.987917,347.89999,341.0,344.4625,63633.0
2021-02-11 09:15:00,345.2252085,346.64999,341.89999,343.4624925,33296.0
2021-02-12 09:15:00,344.3438505,346.0,338.0,343.025,59538.0
2021-02-15 09:15:00,343.6844252,346.75,339.39999,342.65,36169.0
2021-02-16 09:15:00,343.1672126,343.89999,334.54999,339.049995,111599.0
2021-02-17 09:15:00,341.1086038,341.1086038,330.20001,333.9875025,80425.0
2021-02-18 09:15:00,337.5480532,337.5480532,326.25,330.3499975,244675.0
2021-02-19 09:15:00,333.9490254,333.9490254,323.75,328.4874975,180528.0
2021-02-22 09:15:00,331.2182614,331.2182614,324.25,327.0749975,61327.0
2021-02-23 09:15:00,329.1466294,331.0,324.5,327.6999975,52867.0
2021-02-24 09:15:00,328.4233134,332.0,317.0,325.3499975,54232.0
2021-02-25 09:15:00,326.8866554,339.5,325.10001,330.9375025,336577.0
2021-02-26 09:15:00,328.912079,333.89999,326.60001,331.299995,61693.0
2021-03-01 09:15:00,330.106037,334.75,326.65,331.025,31062.0
2021-03-02 09:15:00,330.5655185,330.85,323.4,327.0875,54875.0
2021-03-03 09:15:00,328.8265092,329.5,325.0,327.4375,51978.0
2021-03-04 09:15:00,328.1320046,346.35,328.0,335.075,303488.0
2021-03-05 09:15:00,331.6035023,342.7,327.6,335.4125,119155.0
2021-03-08 09:15:00,333.5080012,336.0,328.0,332.4875,46451.0
2021-03-09 09:15:00,332.9977506,334.8,328.0,332.0375,166877.0
2021-03-10 09:15:00,332.5176253,332.75,327.05,329.725,25336.0
2021-03-12 09:15:00,331.1213126,338.0,325.8,331.7125,492026.0
2021-03-15 09:15:00,331.4169063,336.5,322.8,330.55,56650.0
2021-03-16 09:15:00,330.9834532,331.55,327.05,329.125,183789.0
2021-03-17 09:15:00,330.0542266,330.0542266,321.1,325.875,54533.0
2021-03-18 09:15:00,327.9646133,327.9646133,304.0,314.6,350947.0
2021-03-19 09:15:00,321.2823066,321.2823066,300.0,306.45,213721.0
2021-03-22 09:15:00,313.8661533,315.5,305.35,310.2,145667.0
2021-03-23 09:15:00,312.0330766,317.9,312.0330766,315.8,26343.0
2021-03-24 09:15:00,313.9165383,313.9165383,307.95,311.025,23497.0
2021-03-25 09:15:00,312.4707692,312.4707692,298.0,304.225,40112.0
2021-03-26 09:15:00,308.3478846,309.0,300.25,303.5625,213094.0
2021-03-30 09:15:00,305.9551923,305.9551923,294.0,300.1,104256.0
2021-03-31 09:15:00,303.0275962,303.0275962,288.8,294.0,242689.0
2021-04-01 09:15:00,298.5137981,301.5,291.3,294.6625,192526.0
2021-04-05 09:15:00,296.588149,303.0,286.6,295.4875,460068.0
2021-04-06 09:15:00,296.0378245,299.2,288.0,292.975,123821.0
2021-04-07 09:15:00,294.5064122,299.0,289.35,293.525,135707.0
2021-04-08 09:15:00,294.0157061,303.6,294.0157061,298.575,85177.0
2021-04-09 09:15:00,296.295353,311.0,296.295353,303.2875,259944.0
2021-04-12 09:15:00,299.7914265,301.9,286.35,296.3,114414.0
2021-04-13 09:15:00,298.0457132,298.95,289.5,293.8625,59505.0
2021-04-15 09:15:00,295.9541066,299.0,288.1,293.0875,76573.0
2021-04-16 09:15:00,294.5208033,340.0,294.5208033,316.2625,1139518.0
2021-04-19 09:15:00,305.3916516,342.0,300.0,321.2125,600914.0
2021-04-20 09:15:00,313.3020758,355.8,313.3020758,341.025,1039579.0
2021-04-22 09:15:00,327.1635379,369.65,327.1635379,352.7,944251.0
2021-04-23 09:15:00,339.931769,379.5,339.931769,357.7875,644327.0
2021-04-26 09:15:00,348.8596345,371.8,346.25,359.6,471212.0
2021-04-27 09:15:00,354.2298172,385.0,354.2298172,374.7375,658582.0
2021-04-28 09:15:00,364.4836586,384.9,362.65,372.0,525905.0
2021-04-29 09:15:00,368.2418293,375.35,356.0,364.4,319467.0
2021-04-30 09:15:00,366.3209146,376.0,354.25,364.8625,231071.0
2021-05-03 09:15:00,365.5917073,383.75,365.5917073,376.675,493969.0
2021-05-04 09:15:00,371.1333536,457.1,371.1333536,413.45,5032797.0
2021-05-05 09:15:00,392.2916768,460.0,392.2916768,431.95,2979183.0
2021-05-06 09:15:00,412.1208384,512.2,412.1208384,474.15,4552784.0
2021-05-07 09:15:00,443.1354192,563.4,443.1354192,547.65,3776478.0
2021-05-10 09:15:00,495.3927096,616.7,495.3927096,583.6,2491062.0
2021-05-11 09:15:00,539.496355,678.35,539.496355,653.125,3496238.0
2021-05-12 09:15:00,596.3106775,690.0,596.3106775,661.95,1423048.0
2021-05-14 09:15:00,629.130339,679.7,629.130339,660.0375,669912.0
2021-05-17 09:15:00,644.5839195,674.7,629.4,655.725,882186.0
2021-05-18 09:15:00,650.15446,664.0,645.0,654.0625,336782.0
2021-05-19 09:15:00,652.10848,685.05,646.65,666.6375,813209.0
2021-05-20 09:15:00,659.37299,719.3,659.37299,711.4,454108.0
2021-05-21 09:15:00,685.386495,755.25,685.386495,737.7125,973815.0
2021-05-24 09:15:00,711.5494975,786.7,711.5494975,759.2625,706169.0
2021-05-25 09:15:00,735.405999,756.0,714.7,733.85,482472.0
2021-05-26 09:15:00,734.6279995,750.4,679.0,719.7,623871.0
2021-05-27 09:15:00,727.164,787.0,720.0,752.425,826091.0
2021-05-28 09:15:00,739.7945,759.0,734.6,746.1375,356981.0
2021-05-31 09:15:00,742.966,764.8,726.6,748.625,549324.0
2021-06-01 09:15:00,745.7955,794.95,737.55,759.6625,1004113.0
2021-06-02 09:15:00,752.729,770.0,737.7,752.8,642375.0
2021-06-03 09:15:00,752.7645,795.35,752.7645,778.75,590878.0
2021-06-04 09:15:00,765.75725,835.1,765.75725,821.6375,1142004.0
2021-06-07 09:15:00,793.697375,962.65,793.697375,898.6625,2795768.0
2021-06-08 09:15:00,846.1799375,965.0,846.1799375,915.55,1656842.0
2021-06-09 09:15:00,880.864969,918.7,832.05,874.5625,715995.0
2021-06-10 09:15:00,877.7137345,897.85,815.7,861.45,772521.0
2021-06-11 09:15:00,869.581867,894.0,860.1,879.1125,241746.0
2021-06-14 09:15:00,874.3471835,874.3471835,821.3,849.45,269429.0
2021-06-15 09:15:00,861.898592,870.05,848.0,854.8125,172613.0
2021-06-16 09:15:00,858.355546,865.0,822.2,843.6875,268338.0
2021-06-17 09:15:00,851.021523,855.0,797.05,823.4875,271846.0
2021-06-18 09:15:00,837.2545115,837.2545115,765.75,807.1,377293.0
2021-06-21 09:15:00,822.177256,824.0,768.05,796.0375,234009.0
2021-06-22 09:15:00,809.107378,860.0,807.0,824.6625,362988.0
2021-06-23 09:15:00,816.884939,842.0,815.0,828.6625,131738.0
2021-06-24 09:15:00,822.7737195,829.0,806.95,817.3875,98727.0
2021-06-25 09:15:00,820.08061,822.95,792.0,809.1125,104123.0
2021-06-28 09:15:00,814.596555,817.95,805.0,809.7625,78530.0
2021-06-29 09:15:00,812.1795275,880.0,811.0,840.45,769252.0
2021-06-30 09:15:00,826.314764,872.45,826.314764,857.85,242160.0
2021-07-01 09:15:00,842.082382,892.25,842.082382,870.575,311624.0
2021-07-02 09:15:00,856.328691,906.0,856.328691,882.55,288767.0
2021-07-05 09:15:00,869.4393455,905.8,869.4393455,890.1625,415707.0
2021-07-06 09:15:00,879.800923,904.5,879.800923,895.7625,279807.0
2021-07-07 09:15:00,887.7817115,984.0,887.7817115,927.3625,2610455.0
2021-07-08 09:15:00,907.572106,956.5,907.572106,936.925,336024.0
2021-07-09 09:15:00,922.248553,984.0,902.95,945.25,890701.0
2021-07-12 09:15:00,933.7492765,1046.4,933.7492765,999.7125,1150251.0
2021-07-13 09:15:00,966.730888,1048.0,966.730888,1027.375,685199.0
2021-07-14 09:15:00,997.052944,1092.0,997.052944,1057.3375,845754.0
2021-07-15 09:15:00,1027.195222,1123.8,995.0,1064.6125,1227889.0
2021-07-16 09:15:00,1045.903861,1272.15,1045.903861,1208.825,2238723.0
2021-07-19 09:15:00,1127.36443,1475.0,1127.36443,1363.1,3178718.0
2021-07-20 09:15:00,1245.232215,1429.95,1245.232215,1332.875,1351343.0
2021-07-22 09:15:00,1289.053608,1364.4,1289.053608,1323.15,986328.0
2021-07-23 09:15:00,1306.101804,1348.4,1255.55,1314.0375,377479.0
2021-07-26 09:15:00,1310.069652,1310.069652,1204.0,1255.625,621432.0
2021-07-27 09:15:00,1282.847326,1282.847326,1200.0,1226.4875,424833.0
2021-07-28 09:15:00,1254.667413,1254.667413,1174.4,1212.2625,512183.0
2021-07-29 09:15:00,1233.464956,1233.464956,1171.25,1201.4125,255921.0
2021-07-30 09:15:00,1217.438728,1217.438728,1175.0,1189.8125,205897.0
2021-08-02 09:15:00,1203.625614,1305.95,1198.2,1253.525,1032947.0
2021-08-03 09:15:00,1228.575307,1395.95,1228.575307,1344.5375,717973.0
2021-08-04 09:15:00,1286.556404,1356.0,1249.65,1303.55,367764.0
2021-08-05 09:15:00,1295.053202,1335.0,1237.0,1295.4125,734739.0
2021-08-06 09:15:00,1295.232851,1331.2,1275.0,1305.9,169373.0
2021-08-09 09:15:00,1300.566426,1300.566426,1261.2,1281.325,120012.0
2021-08-10 09:15:00,1290.945713,1294.0,1143.0,1231.9375,448516.0
2021-08-11 09:15:00,1261.441606,1261.441606,1124.05,1198.9,678696.0
2021-08-12 09:15:00,1230.170803,1249.95,1196.9,1222.25,295097.0
2021-08-13 09:15:00,1226.210402,1247.2,1215.05,1235.9375,223752.0
2021-08-16 09:15:00,1231.073951,1237.0,1202.0,1225.375,123282.0
2021-08-17 09:15:00,1228.224476,1240.0,1197.9,1221.4875,90431.0
2021-08-18 09:15:00,1224.855988,1230.0,1190.0,1208.525,121143.0
2021-08-20 09:15:00,1216.690494,1216.690494,1157.0,1174.4625,180308.0
2021-08-23 09:15:00,1195.576497,1202.25,1065.5,1132.9875,677402.0
2021-08-24 09:15:00,1164.281998,1164.281998,1014.0,1075.05,621617.0
2021-08-25 09:15:00,1119.665999,1150.0,1102.35,1126.675,208418.0
2021-08-26 09:15:00,1123.1705,1141.0,1096.25,1122.1375,122061.0
2021-08-27 09:15:00,1122.654,1122.654,1067.45,1096.25,124332.0
2021-08-30 09:15:00,1109.452,1200.7,1095.15,1151.3375,412824.0
2021-08-31 09:15:00,1130.39475,1248.65,1130.39475,1214.5875,434719.0
2021-09-01 09:15:00,1172.491125,1221.05,1160.2,1192.7875,148542.0
2021-09-02 09:15:00,1182.639312,1189.8,1155.05,1173.5125,132961.0
2021-09-03 09:15:00,1178.075906,1260.0,1168.75,1207.875,569454.0
2021-09-06 09:15:00,1192.975453,1255.0,1192.975453,1231.375,179748.0
2021-09-07 09:15:00,1212.175226,1228.0,1188.0,1210.65,145903.0
2021-09-08 09:15:00,1211.412613,1225.0,1175.05,1204.4,266205.0
2021-09-09 09:15:00,1207.906306,1247.95,1203.0,1222.7,285773.0
2021-09-13 09:15:00,1215.303153,1325.0,1215.303153,1270.0875,891746.0
2021-09-14 09:15:00,1242.695326,1334.8,1242.695326,1295.6,474872.0
2021-09-15 09:15:00,1269.147663,1294.8,1266.0,1278.6,228465.0
2021-09-16 09:15:00,1273.873832,1305.0,1248.15,1280.425,382164.0
2021-09-17 09:15:00,1277.149416,1325.0,1277.0,1305.1,389321.0
2021-09-20 09:15:00,1291.124708,1291.124708,1202.3,1249.625,270474.0
2021-09-21 09:15:00,1270.374854,1270.374854,1188.0,1220.8375,275607.0
2021-09-22 09:15:00,1245.606177,1250.95,1200.0,1224.725,301267.0
2021-09-23 09:15:00,1235.165588,1297.0,1232.0,1253.2,465013.0
2021-09-24 09:15:00,1244.182794,1290.0,1227.5,1255.2625,305576.0
2021-09-27 09:15:00,1249.722647,1289.9,1248.55,1265.075,287269.0
2021-09-28 09:15:00,1257.398824,1350.0,1250.55,1288.675,1030103.0
2021-09-29 09:15:00,1273.036912,1298.0,1260.0,1278.3875,222939.0
2021-09-30 09:15:00,1275.712206,1350.0,1275.712206,1311.65,833885.0
2021-10-01 09:15:00,1293.681103,1455.0,1293.681103,1378.0625,1946393.0
2021-10-04 09:15:00,1335.871802,1492.75,1335.871802,1428.1125,1259131.0
2021-10-05 09:15:00,1381.992151,1415.0,1360.0,1387.7,516226.0
2021-10-06 09:15:00,1384.846076,1389.0,1320.15,1355.85,343307.0
2021-10-07 09:15:00,1370.348038,1419.0,1347.15,1372.05,472653.0
2021-10-08 09:15:00,1371.199019,1403.75,1351.3,1376.8125,436180.0
2021-10-11 09:15:00,1374.00576,1425.0,1362.45,1386.3625,529839.0
2021-10-12 09:15:00,1380.18413,1498.0,1372.2,1423.35,1784364.0
2021-10-13 09:15:00,1401.767065,1689.0,1401.767065,1549.275,3878256.0
2021-10-14 09:15:00,1475.521032,1653.25,1475.521032,1605.2,1393419.0
2021-10-18 09:15:00,1540.360516,1654.4,1540.360516,1617.75,668079.0
2021-10-19 09:15:00,1579.055258,1619.1,1400.0,1531.4375,665641.0
2021-10-20 09:15:00,1555.246379,1555.246379,1352.5,1463.375,1158033.0
2021-10-21 09:15:00,1509.31069,1509.31069,1235.0,1359.5875,2572669.0
2021-10-22 09:15:00,1434.449095,1434.449095,1263.9,1306.675,568048.0
2021-10-25 09:15:00,1370.562048,1370.562048,1222.0,1272.65,742376.0
2021-10-26 09:15:00,1321.606024,1321.606024,1255.15,1280.725,395137.0
2021-10-27 09:15:00,1301.165512,1313.0,1245.0,1278.25,380430.0
2021-10-28 09:15:00,1289.707756,1289.707756,1230.0,1258.0125,327474.0
2021-10-29 09:15:00,1273.860128,1280.0,1225.0,1253.3625,347914.0
2021-11-01 09:15:00,1263.611314,1270.0,1211.0,1238.6125,326765.0
2021-11-02 09:15:00,1251.111907,1261.9,1225.0,1238.675,311803.0
2021-11-03 09:15:00,1244.893454,1244.95,1215.2,1231.725,226161.0
2021-11-04 18:00:00,1238.309227,1261.05,1233.0,1243.575,135738.0
2021-11-08 09:15:00,1240.942114,1245.8,1221.0,1236.025,201761.0
2021-11-09 09:15:00,1238.483557,1259.9,1229.0,1240.425,719987.0
2021-11-10 09:15:00,1239.454278,1254.0,1230.0,1240.4625,249388.0
2021-11-11 09:15:00,1239.958389,1246.0,1221.0,1234.0625,145950.0
2021-11-12 09:15:00,1237.010444,1240.0,1210.0,1224.925,308246.0
2021-11-15 09:15:00,1230.967722,1236.9,1204.05,1219.375,338705.0
2021-11-16 09:15:00,1225.171361,1229.0,1213.0,1220.3125,170027.0
2021-11-17 09:15:00,1222.74193,1224.95,1207.8,1218.2125,172430.0
2021-11-18 09:15:00,1220.477215,1221.6,1150.0,1188.8125,404737.0
2021-11-22 09:15:00,1204.644858,1204.644858,1006.95,1099.975,520417.0
2021-11-23 09:15:00,1152.309929,1152.309929,1027.05,1065.5625,460454.0
2021-11-24 09:15:00,1108.936214,1217.8,1090.1,1144.575,961976.0
2021-11-25 09:15:00,1126.755607,1203.8,1126.755607,1180.4,339420.0
2021-11-26 09:15:00,1153.577804,1179.0,1107.3,1140.925,294054.0
2021-11-29 09:15:00,1147.251402,1147.251402,1027.9,1069.9375,511271.0
2021-11-30 09:15:00,1108.594451,1108.594451,990.5,1038.9375,1094370.0
2021-12-01 09:15:00,1073.765976,1073.765976,1010.0,1028.875,315763.0
2021-12-02 09:15:00,1051.320488,1139.0,1038.0,1087.4125,1127876.0
2021-12-03 09:15:00,1069.366494,1176.55,1069.366494,1143.4,739964.0
2021-12-06 09:15:00,1106.383247,1150.5,1088.0,1124.3875,306769.0
2021-12-07 09:15:00,1115.385374,1131.4,1097.0,1115.6,262359.0
2021-12-08 09:15:00,1115.492687,1159.9,1115.0,1129.5625,419244.0
2021-12-09 09:15:00,1122.527594,1149.0,1122.527594,1134.925,224874.0
2021-12-10 09:15:00,1128.726297,1140.0,1125.0,1130.475,121471.0
2021-12-13 09:15:00,1129.600648,1179.0,1117.95,1140.1875,434248.0
2021-12-14 09:15:00,1134.894074,1202.0,1115.65,1150.9,643953.0
2021-12-15 09:15:00,1142.897037,1184.0,1142.897037,1166.5125,267879.0
2021-12-16 09:15:00,1154.704768,1182.25,1154.704768,1171.9,237119.0
2021-12-17 09:15:00,1163.302384,1177.35,1095.0,1138.6,371742.0
2021-12-20 09:15:00,1150.951192,1152.0,1042.5,1102.6875,643755.0
2021-12-21 09:15:00,1126.819346,1204.0,1126.819346,1162.0,766388.0
2021-12-22 09:15:00,1144.409673,1203.0,1144.409673,1184.2875,610309.0
2021-12-23 09:15:00,1164.348586,1213.0,1162.05,1183.5625,329555.0
2021-12-24 09:15:00,1173.955543,1183.65,1141.05,1164.95,212711.0
2021-12-27 09:15:00,1169.452772,1169.452772,1130.7,1146.45,109751.0
2021-12-28 09:15:00,1157.951386,1190.75,1148.3,1162.4875,276726.0
2021-12-29 09:15:00,1160.219443,1203.0,1160.219443,1181.1125,295726.0
2021-12-30 09:15:00,1170.665972,1204.0,1170.665972,1195.0625,225079.0
2021-12-31 09:15:00,1182.864236,1200.65,1177.0,1184.925,143995.0
2022-01-03 09:15:00,1183.894618,1244.0,1183.894618,1209.05,385970.0
2022-01-04 09:15:00,1196.472309,1259.5,1196.472309,1231.7125,936612.0
2022-01-05 09:15:00,1214.092404,1246.65,1208.0,1229.2375,502200.0
2022-01-06 09:15:00,1221.664952,1271.3,1216.25,1247.025,626297.0
2022-01-07 09:15:00,1234.344976,1279.5,1218.0,1252.0875,497718.0
2022-01-10 09:15:00,1243.216238,1282.5,1235.0,1258.55,723125.0
2022-01-11 09:15:00,1250.883119,1281.0,1250.883119,1266.45,254085.0
2022-01-12 09:15:00,1258.66656,1287.3,1244.6,1262.9375,372425.0
2022-01-13 09:15:00,1260.80203,1295.65,1243.1,1269.9125,867016.0
2022-01-14 09:15:00,1265.357265,1340.0,1265.357265,1306.8875,1208657.0
2022-01-17 09:15:00,1286.122382,1384.75,1286.122382,1349.75,1437919.0
2022-01-18 09:15:00,1317.936191,1429.65,1317.936191,1395.2375,3527928.0
2022-01-19 09:15:00,1356.586846,1426.0,1356.586846,1403.9,1635000.0
2022-01-20 09:15:00,1380.243423,1498.65,1380.243423,1457.9375,1767363.0
2022-01-21 09:15:00,1419.090462,1527.8,1419.090462,1495.225,1643321.0
2022-01-24 09:15:00,1457.157731,1516.0,1261.1,1409.1125,1719765.0
2022-01-25 09:15:00,1433.135116,1433.135116,1284.8,1362.475,1186553.0
2022-01-27 09:15:00,1397.805058,1429.95,1379.95,1398.725,525829.0
2022-01-28 09:15:00,1398.265029,1425.0,1394.3,1409.8875,382318.0
2022-01-31 09:15:00,1404.076264,1420.0,1385.95,1404.9375,279518.0
2022-02-01 09:15:00,1404.506882,1418.25,1343.15,1387.0375,374599.0
2022-02-02 09:15:00,1395.772191,1415.0,1390.6,1403.325,222392.0
2022-02-03 09:15:00,1399.548596,1425.0,1396.0,1410.725,373633.0
2022-02-04 09:15:00,1405.136798,1407.2,1380.0,1392.8625,205000.0
2022-02-07 09:15:00,1398.999649,1398.999649,1325.0,1359.9625,349633.0
2022-02-08 09:15:00,1379.481074,1379.481074,1315.0,1337.1125,652255.0
2022-02-09 09:15:00,1358.296787,1380.0,1325.0,1349.2375,362687.0
2022-02-10 09:15:00,1353.767144,1382.45,1327.65,1355.3375,390501.0
2022-02-11 09:15:00,1354.552322,1355.25,1300.0,1327.275,392989.0
2022-02-14 09:15:00,1340.913661,1340.913661,1202.95,1242.725,672985.0
2022-02-15 09:15:00,1291.81933,1291.81933,1180.4,1230.45,664919.0
2022-02-16 09:15:00,1261.134665,1344.0,1261.134665,1306.7625,351902.0
2022-02-17 09:15:00,1283.948582,1329.0,1283.948582,1313.6125,218464.0
2022-02-18 09:15:00,1298.780541,1315.6,1290.0,1298.6625,163450.0
2022-02-21 09:15:00,1298.72152,1338.05,1287.9,1311.475,579478.0
2022-02-22 09:15:00,1305.09826,1305.09826,1270.0,1282.625,268800.0
2022-02-23 09:15:00,1293.86163,1336.0,1272.0,1311.5,434836.0
2022-02-24 09:15:00,1302.680815,1312.45,1213.1,1258.85,470590.0
2022-02-25 09:15:00,1280.765408,1380.0,1264.65,1318.7,556225.0
2022-02-28 09:15:00,1299.732704,1366.05,1299.65,1331.5625,420705.0
2022-03-02 09:15:00,1315.647602,1353.8,1315.647602,1333.8375,302214.0
2022-03-03 09:15:00,1324.742551,1379.35,1288.05,1331.975,416411.0
2022-03-04 09:15:00,1328.358776,1328.358776,1280.0,1303.425,365791.0
2022-03-07 09:15:00,1315.891888,1315.891888,1250.0,1266.3375,333848.0
2022-03-08 09:15:00,1291.114694,1291.114694,1240.0,1265.15,306910.0
2022-03-09 09:15:00,1278.132347,1291.95,1256.0,1278.4375,315586.0
2022-03-10 09:15:00,1278.284924,1335.0,1274.0,1303.4375,489860.0
2022-03-11 09:15:00,1290.861212,1320.95,1289.25,1300.2125,556778.0
2022-03-14 09:15:00,1295.536856,1317.9,1258.1,1292.425,689130.0
2022-03-15 09:15:00,1293.980928,1357.6,1293.980928,1324.275,855150.0
2022-03-16 09:15:00,1309.127964,1453.0,1309.127964,1396.6,1503667.0
2022-03-17 09:15:00,1352.863982,1671.8,1352.863982,1538.1625,6406427.0
2022-03-21 09:15:00,1445.513241,1718.2,1445.513241,1651.2,2798383.0
2022-03-22 09:15:00,1548.35662,1695.0,1548.35662,1630.8875,1067419.0
2022-03-23 09:15:00,1589.62206,1650.0,1589.62206,1628.2125,455412.0
2022-03-24 09:15:00,1608.91728,1660.0,1606.35,1622.375,428232.0
2022-03-25 09:15:00,1615.64614,1642.0,1601.2,1618.275,358147.0
2022-03-28 09:15:00,1616.96057,1627.8,1527.05,1579.3375,289006.0
2022-03-29 09:15:00,1598.149035,1598.149035,1490.0,1535.6875,442958.0
2022-03-30 09:15:00,1566.918268,1566.918268,1502.1,1534.8125,346379.0
2022-03-31 09:15:00,1550.865384,1565.0,1511.4,1537.9625,402106.0
2022-04-01 09:15:00,1544.413942,1607.3,1535.0,1557.0375,551032.0
2022-04-04 09:15:00,1550.725721,1647.0,1548.1,1598.0,717963.0
2022-04-05 09:15:00,1574.36286,1700.0,1574.36286,1651.5,1040985.0
2022-04-06 09:15:00,1612.93143,1740.0,1612.93143,1678.2625,885968.0
2022-04-07 09:15:00,1645.596965,1694.45,1645.596965,1674.6125,440741.0
2022-04-08 09:15:00,1660.104732,1764.85,1660.104732,1709.5375,1586633.0
2022-04-11 09:15:00,1684.821116,1782.4,1684.821116,1726.2,1087570.0
2022-04-12 09:15:00,1705.510558,1738.95,1652.4,1702.35,653076.0
2022-04-13 09:15:00,1703.930279,1741.95,1675.05,1703.9,517895.0
2022-04-18 09:15:00,1703.91514,1713.85,1643.95,1672.5375,549768.0
2022-04-19 09:15:00,1688.22632,1740.0,1672.0,1698.2625,1107718.0
2022-04-20 09:15:00,1693.24441,1750.0,1607.05,1677.5375,1043862.0
2022-04-21 09:15:00,1685.390955,1948.9,1685.390955,1827.7375,7457184.0
2022-04-22 09:15:00,1756.564228,1991.0,1756.564228,1915.3625,5657859.0
2022-04-25 09:15:00,1835.963364,1892.65,1820.0,1854.4375,1064444.0
2022-04-26 09:15:00,1845.200432,1872.7,1815.0,1843.625,897750.0
2022-04-27 09:15:00,1844.412716,1867.7,1800.25,1829.1875,704605.0
2022-04-28 09:15:00,1836.800108,1890.5,1828.15,1862.5,681522.0
2022-04-29 09:15:00,1849.650054,2022.0,1849.650054,1935.375,2775594.0
2022-05-02 09:15:00,1892.512527,1944.1,1792.0,1870.95,1030916.0
2022-05-04 09:15:00,1881.731264,1881.731264,1680.0,1762.4375,1015510.0
2022-05-05 09:15:00,1822.084382,1822.084382,1560.0,1655.85,1762584.0
2022-05-06 09:15:00,1738.967191,1738.967191,1333.0,1460.9,4133008.0
2022-05-09 09:15:00,1599.933596,1599.933596,1401.0,1442.225,2092533.0
2022-05-10 09:15:00,1521.079298,1521.079298,1395.3,1434.7625,986438.0
2022-05-11 09:15:00,1477.920899,1477.920899,1343.3,1401.0,878368.0
2022-05-12 09:15:00,1439.46045,1439.46045,1313.6,1344.625,560274.0
2022-05-13 09:15:00,1392.042725,1405.55,1267.0,1328.525,1443583.0
2022-05-16 09:15:00,1360.283862,1360.283862,1283.25,1316.7375,654233.0
2022-05-17 09:15:00,1338.510681,1470.0,1338.1,1405.15,2113063.0
2022-05-18 09:15:00,1371.83034,1539.0,1371.83034,1504.675,2132572.0
2022-05-19 09:15:00,1438.25267,1470.0,1428.0,1454.0875,880010.0
2022-05-20 09:15:00,1446.170085,1520.0,1421.0,1472.125,1192210.0
2022-05-23 09:15:00,1459.147542,1461.95,1401.9,1430.775,393910.0
2022-05-24 09:15:00,1444.961271,1456.0,1406.0,1426.3,580044.0
2022-05-25 09:15:00,1435.630636,1437.9,1272.0,1362.1875,1123948.0
2022-05-26 09:15:00,1398.909068,1398.909068,1273.65,1315.4,675596.0
2022-05-27 09:15:00,1357.154534,1387.5,1321.25,1342.95,790092.0
2022-05-30 09:15:00,1350.052267,1430.0,1350.052267,1389.3375,1096347.0
2022-05-31 09:15:00,1369.694884,1498.65,1369.694884,1448.675,1262001.0
2022-06-01 09:15:00,1409.184942,1538.0,1409.184942,1496.5875,1493347.0
2022-06-02 09:15:00,1452.886221,1507.8,1452.886221,1486.5375,584244.0
2022-06-03 09:15:00,1469.71186,1555.7,1469.71186,1505.075,1021588.0
2022-06-06 09:15:00,1487.39343,1487.39343,1430.0,1463.9375,405708.0
2022-06-07 09:15:00,1475.665465,1504.0,1432.8,1463.25,684326.0
2022-06-08 09:15:00,1469.457732,1520.0,1450.1,1484.75,756242.0
2022-06-09 09:15:00,1477.103866,1504.0,1458.7,1476.8125,500802.0
2022-06-10 09:15:00,1476.958183,1481.95,1440.0,1459.1625,320720.0
2022-06-13 09:15:00,1468.060342,1468.060342,1341.0,1375.5,734498.0
2022-06-14 09:15:00,1421.780171,1421.780171,1286.9,1325.825,700748.0
2022-06-15 09:15:00,1373.802586,1373.802586,1252.3,1293.325,930815.0
2022-06-16 09:15:00,1333.563793,1333.563793,1200.0,1261.3,1259273.0
2022-06-17 09:15:00,1297.431896,1297.431896,1175.05,1205.825,940787.0
2022-06-20 09:15:00,1251.628448,1251.628448,1066.0,1147.05,1402391.0
2022-06-21 09:15:00,1199.339224,1199.339224,1103.0,1147.175,1049168.0
2022-06-22 09:15:00,1173.257112,1173.257112,1100.05,1143.875,951940.0
2022-06-23 09:15:00,1158.566056,1184.8,1135.55,1152.6875,698407.0
2022-06-24 09:15:00,1155.626778,1185.0,1152.0,1168.55,582921.0
2022-06-27 09:15:00,1162.088389,1259.0,1162.088389,1231.4625,991063.0
2022-06-28 09:15:00,1196.775444,1247.0,1196.775444,1227.1875,528123.0
2022-06-29 09:15:00,1211.981472,1227.8,1191.0,1204.1625,324179.0
2022-06-30 09:15:00,1208.071986,1237.0,1200.05,1213.0625,400754.0
2022-07-01 09:15:00,1210.567243,1228.0,1185.0,1206.5625,414524.0
2022-07-04 09:15:00,1208.564872,1275.0,1208.564872,1242.125,928727.0
2022-07-05 09:15:00,1225.344936,1304.5,1225.344936,1271.75,700245.0
2022-07-06 09:15:00,1248.547468,1274.8,1222.0,1252.4625,613760.0
2022-07-07 09:15:00,1250.504984,1310.0,1247.45,1280.6375,568760.0
2022-07-08 09:15:00,1265.571242,1322.85,1265.571242,1303.125,482277.0
2022-07-11 09:15:00,1284.348121,1324.0,1279.0,1298.35,464350.0
2022-07-12 09:15:00,1291.34906,1335.45,1291.34906,1313.825,522324.0
2022-07-13 09:15:00,1302.58703,1371.0,1301.0,1328.3625,762991.0
2022-07-14 09:15:00,1315.474765,1338.0,1302.0,1319.2875,506394.0
2022-07-15 09:15:00,1317.381132,1317.381132,1260.2,1282.525,809858.0
2022-07-18 09:15:00,1299.953066,1317.95,1279.05,1300.55,515212.0
2022-07-19 09:15:00,1300.251533,1300.251533,1264.3,1280.8375,434989.0
2022-07-20 09:15:00,1290.544516,1363.45,1290.544516,1327.4,1263076.0
2022-07-21 09:15:00,1308.972258,1418.0,1308.972258,1366.3125,654349.0
2022-07-22 09:15:00,1337.642379,1469.0,1337.642379,1429.6,1340162.0
2022-07-25 09:15:00,1383.62119,1456.65,1383.62119,1430.35,512962.0
2022-07-26 09:15:00,1406.985595,1421.3,1335.0,1381.7375,409149.0
2022-07-27 09:15:00,1394.361548,1394.361548,1322.5,1343.7125,362079.0
2022-07-28 09:15:00,1369.037024,1388.95,1355.05,1368.275,399078.0
2022-07-29 09:15:00,1368.656012,1389.9,1356.7,1374.6,460795.0
2022-08-01 09:15:00,1371.628006,1387.7,1351.05,1369.3375,347599.0
2022-08-02 09:15:00,1370.482753,1370.482753,1336.35,1356.375,389121.0
2022-08-03 09:15:00,1363.428876,1379.5,1288.95,1336.6375,443072.0
2022-08-04 09:15:00,1350.033188,1350.033188,1242.2,1286.925,909859.0
2022-08-05 09:15:00,1318.479094,1318.479094,1260.0,1271.4,427048.0
2022-08-08 09:15:00,1294.939547,1299.0,1273.0,1286.0375,360949.0
2022-08-10 09:15:00,1290.488524,1296.75,1256.0,1276.5375,316931.0
2022-08-11 09:15:00,1283.513012,1313.35,1255.0,1289.225,659984.0
2022-08-12 09:15:00,1286.369006,1308.0,1270.0,1288.8125,319596.0
2022-08-16 09:15:00,1287.590753,1304.9,1271.95,1287.875,415090.0
2022-08-17 09:15:00,1287.732876,1325.0,1287.2,1306.0375,568570.0
2022-08-18 09:15:00,1296.885188,1354.0,1296.885188,1330.4875,562139.0
2022-08-19 09:15:00,1313.686344,1340.0,1285.05,1310.525,358052.0
2022-08-22 09:15:00,1312.105672,1312.5,1275.0,1290.1375,311406.0
2022-08-23 09:15:00,1301.121586,1301.121586,1264.0,1276.925,297064.0
2022-08-24 09:15:00,1289.023293,1303.6,1258.15,1278.575,289299.0
2022-08-25 09:15:00,1283.799146,1325.0,1270.85,1298.4375,629330.0
2022-08-26 09:15:00,1291.118323,1364.0,1291.118323,1335.9875,661766.0
2022-08-29 09:15:00,1313.552912,1313.552912,1272.35,1285.5,325791.0
2022-08-30 09:15:00,1299.526456,1320.0,1297.85,1308.15,273393.0
2022-09-01 09:15:00,1303.838228,1332.0,1297.55,1311.4625,296307.0
2022-09-02 09:15:00,1307.650364,1357.75,1307.650364,1332.6125,279333.0
2022-09-05 09:15:00,1320.131432,1369.0,1320.131432,1345.2875,591103.0
2022-09-06 09:15:00,1332.709466,1433.8,1332.709466,1379.8625,1283863.0
2022-09-07 09:15:00,1356.285983,1511.0,1356.285983,1442.95,1543679.0
2022-09-08 09:15:00,1399.617992,1615.0,1399.617992,1558.1625,2527666.0
2022-09-09 09:15:00,1478.890246,1615.2,1478.890246,1593.65,1104431.0
2022-09-12 09:15:00,1536.270123,1604.2,1536.270123,1585.3125,496279.0
2022-09-13 09:15:00,1560.791312,1600.05,1530.0,1568.975,400732.0
2022-09-14 09:15:00,1564.883156,1583.9,1507.0,1540.2375,377423.0
2022-09-15 09:15:00,1552.560328,1631.0,1552.560328,1588.875,606694.0
2022-09-16 09:15:00,1570.717664,1601.75,1530.5,1568.6875,457788.0
2022-09-19 09:15:00,1569.702582,1600.95,1532.1,1567.0375,358025.0
2022-09-20 09:15:00,1568.370041,1600.0,1556.0,1580.675,325169.0
2022-09-21 09:15:00,1574.52252,1579.0,1515.55,1549.7625,266969.0
2022-09-22 09:15:00,1562.14251,1562.14251,1495.1,1519.425,324775.0
2022-09-23 09:15:00,1540.783755,1540.783755,1488.0,1503.7,155282.0
2022-09-26 09:15:00,1522.241878,1522.241878,1351.05,1427.0625,548610.0
2022-09-27 09:15:00,1474.652189,1474.652189,1353.05,1380.375,297874.0
2022-09-28 09:15:00,1427.513594,1427.513594,1300.0,1334.45,416912.0
2022-09-29 09:15:00,1380.981797,1380.981797,1315.5,1333.95,267681.0
2022-09-30 09:15:00,1357.465898,1378.0,1309.8,1346.4375,297023.0
2022-10-03 09:15:00,1351.951699,1378.4,1339.35,1362.5875,230234.0
2022-10-04 09:15:00,1357.2696,1550.0,1357.2696,1488.725,2699657.0
2022-10-06 09:15:00,1422.9973,1568.0,1422.9973,1542.1375,790251.0
2022-10-07 09:15:00,1482.5674,1540.5,1482.5674,1530.7375,326412.0
2022-10-10 09:15:00,1506.65245,1618.9,1495.2,1558.2,1360171.0
2022-10-11 09:15:00,1532.426225,1614.95,1532.426225,1589.45,691870.0
2022-10-12 09:15:00,1560.938112,1612.0,1560.938112,1587.925,1118264.0
2022-10-13 09:15:00,1574.431556,1605.0,1562.55,1587.325,647108.0
2022-10-14 09:15:00,1580.878278,1674.0,1580.878278,1648.1375,3031645.0
2022-10-17 09:15:00,1614.507889,1648.0,1601.15,1627.875,746808.0
2022-10-18 09:15:00,1621.191444,1636.95,1543.55,1605.3625,826157.0
2022-10-19 09:15:00,1613.276972,1630.0,1591.1,1611.65,572811.0
2022-10-20 09:15:00,1612.463486,1620.0,1583.0,1601.8875,450075.0
2022-10-21 09:15:00,1607.175493,1622.5,1595.0,1611.1,297568.0
2022-10-24 18:15:00,1609.137746,1625.0,1607.0,1617.6375,249098.0
2022-10-25 09:15:00,1613.387623,1624.8,1593.15,1612.35,370393.0
2022-10-27 09:15:00,1612.868812,1655.95,1603.65,1623.9,479436.0
2022-10-28 09:15:00,1618.384406,1650.0,1611.0,1626.5625,453575.0
2022-10-31 09:15:00,1622.473453,1635.0,1594.0,1616.6625,318009.0
2022-11-01 09:15:00,1619.567976,1620.0,1602.05,1609.0875,215128.0
2022-11-02 09:15:00,1614.327738,1619.85,1595.05,1606.6625,137902.0
2022-11-03 09:15:00,1610.495119,1610.495119,1566.0,1586.9125,186595.0
2022-11-04 09:15:00,1598.70381,1598.70381,1546.85,1565.8875,210511.0
2022-11-07 09:15:00,1582.295655,1590.8,1544.4,1565.9125,193064.0
2022-11-09 09:15:00,1574.104078,1574.104078,1510.2,1541.7375,294558.0
2022-11-10 09:15:00,1557.920789,1557.920789,1466.1,1494.4125,232017.0
2022-11-11 09:15:00,1526.166644,1526.166644,1430.75,1463.1625,282284.0
2022-11-14 09:15:00,1494.664572,1528.9,1425.2,1477.475,535616.0
2022-11-15 09:15:00,1486.069786,1551.95,1486.069786,1521.9125,489455.0
2022-11-16 09:15:00,1503.991143,1552.0,1503.991143,1530.7,302152.0
2022-11-17 09:15:00,1517.345572,1540.95,1510.0,1524.8875,215867.0
2022-11-18 09:15:00,1521.116536,1540.0,1511.2,1521.8375,258809.0
2022-11-21 09:15:00,1521.477018,1539.85,1471.1,1503.9875,231171.0
2022-11-22 09:15:00,1512.732259,1513.85,1457.15,1482.0,258774.0
2022-11-23 09:15:00,1497.36613,1497.36613,1430.2,1461.65,316730.0
2022-11-24 09:15:00,1479.508065,1505.0,1449.0,1474.6625,390826.0
2022-11-25 09:15:00,1477.085282,1540.0,1477.085282,1517.6375,402419.0
2022-11-28 09:15:00,1497.361391,1584.85,1497.361391,1559.95,470013.0
2022-11-29 09:15:00,1528.655696,1616.7,1528.655696,1590.9875,434709.0
2022-11-30 09:15:00,1559.821598,1623.5,1559.821598,1599.6625,454247.0
2022-12-01 09:15:00,1579.742049,1622.65,1579.742049,1609.875,527797.0
2022-12-02 09:15:00,1594.808524,1622.55,1593.1,1613.45,283252.0
2022-12-05 09:15:00,1604.129262,1604.129262,1525.0,1562.8875,534338.0
2022-12-06 09:15:00,1583.508381,1583.508381,1536.3,1555.2375,357990.0
2022-12-07 09:15:00,1569.37294,1575.45,1525.0,1551.675,168887.0
2022-12-08 09:15:00,1560.52397,1560.52397,1507.1,1526.925,145887.0
2022-12-09 09:15:00,1543.724485,1543.724485,1496.5,1515.275,187019.0
2022-12-12 09:15:00,1529.499742,1529.499742,1476.1,1493.3875,143487.0
2022-12-13 09:15:00,1511.443621,1554.55,1489.0,1516.0625,479246.0
2022-12-14 09:15:00,1513.75306,1543.95,1511.0,1528.275,305659.0
2022-12-15 09:15:00,1521.01403,1535.05,1481.0,1508.1625,196456.0
2022-12-16 09:15:00,1514.588265,1514.588265,1455.55,1475.5875,266558.0
2022-12-19 09:15:00,1495.087882,1495.087882,1420.0,1450.025,391054.0
2022-12-20 09:15:00,1472.556441,1472.556441,1359.9,1400.8375,631774.0
2022-12-21 09:15:00,1436.69697,1436.69697,1279.05,1335.1875,757119.0
2022-12-22 09:15:00,1385.942235,1385.942235,1276.3,1317.95,758450.0
2022-12-23 09:15:00,1351.946118,1351.946118,1230.2,1276.7,377474.0
2022-12-26 09:15:00,1314.323059,1314.323059,1242.0,1274.8375,349857.0
2022-12-27 09:15:00,1294.58028,1328.45,1294.58028,1312.4125,233247.0
2022-12-28 09:15:00,1303.49639,1317.85,1295.0,1307.825,153403.0
2022-12-29 09:15:00,1305.660695,1338.35,1290.0,1312.925,331425.0
2022-12-30 09:15:00,1309.292848,1347.5,1306.45,1328.2,342927.0
2023-01-02 09:15:00,1318.746424,1327.65,1293.0,1314.375,216569.0
2023-01-03 09:15:00,1316.560712,1336.5,1312.0,1323.525,210810.0
2023-01-04 09:15:00,1320.042856,1368.75,1320.042856,1342.825,874907.0
2023-01-05 09:15:00,1331.433928,1345.0,1299.0,1324.525,292410.0
2023-01-06 09:15:00,1327.979464,1327.979464,1275.0,1300.1,329259.0
2023-01-09 09:15:00,1314.039732,1314.039732,1281.0,1294.275,308628.0
2023-01-10 09:15:00,1304.157366,1304.157366,1276.0,1287.4875,201747.0
2023-01-11 09:15:00,1295.822433,1298.9,1280.1,1286.775,182110.0
2023-01-12 09:15:00,1291.298716,1307.0,1276.05,1289.0875,278181.0
2023-01-13 09:15:00,1290.193108,1310.0,1276.0,1295.275,296204.0
2023-01-16 09:15:00,1292.734054,1330.0,1292.734054,1318.0,454919.0
2023-01-17 09:15:00,1305.367027,1329.9,1285.05,1308.2125,687270.0
2023-01-18 09:15:00,1306.789764,1306.789764,1254.25,1278.5125,398469.0
2023-01-19 09:15:00,1292.651132,1292.651132,1265.5,1271.65,382075.0
2023-01-20 09:15:00,1282.150566,1305.45,1275.45,1289.1125,359867.0
2023-01-23 09:15:00,1285.631533,1311.0,1285.631533,1301.6875,212286.0
2023-01-24 09:15:00,1293.659516,1301.85,1270.0,1283.975,116098.0
2023-01-25 09:15:00,1288.817258,1288.817258,1243.6,1261.6625,148361.0
2023-01-27 09:15:00,1275.239879,1275.239879,1164.65,1207.25,448833.0
2023-01-30 09:15:00,1241.24494,1241.24494,1168.1,1191.225,335447.0
2023-01-31 09:15:00,1216.23497,1245.0,1197.55,1219.6125,431900.0
2023-02-01 09:15:00,1217.923735,1266.85,1187.0,1225.75,328247.0
2023-02-02 09:15:00,1221.836868,1240.0,1202.0,1215.5,139878.0
2023-02-03 09:15:00,1218.668434,1239.8,1202.75,1218.7625,192530.0
2023-02-06 09:15:00,1218.715467,1218.715467,1195.0,1204.425,107954.0
2023-02-07 09:15:00,1211.570234,1211.570234,1165.0,1186.4375,219615.0
2023-02-08 09:15:00,1199.003867,1199.003867,1157.0,1166.8375,290645.0
2023-02-09 09:15:00,1182.920684,1182.920684,1120.0,1148.8875,434915.0
2023-02-10 09:15:00,1165.904092,1165.904092,1125.0,1137.7125,396062.0
2023-02-13 09:15:00,1151.808296,1151.808296,1124.45,1137.15,122979.0
2023-02-14 09:15:00,1144.479148,1144.479148,1110.0,1128.3625,150983.0
2023-02-15 09:15:00,1136.420824,1136.420824,1109.7,1122.1125,119793.0
2023-02-16 09:15:00,1129.266662,1139.7,1128.1,1133.0375,106658.0
2023-02-17 09:15:00,1131.152081,1131.152081,1096.3,1108.3875,354192.0
2023-02-20 09:15:00,1119.76979,1121.25,1085.0,1104.4375,317277.0
2023-02-21 09:15:00,1112.103645,1112.103645,1069.55,1087.525,408000.0
2023-02-22 09:15:00,1099.814322,1099.814322,1069.05,1077.15,202023.0
2023-02-23 09:15:00,1088.482161,1088.482161,1042.5,1071.1375,243116.0
2023-02-24 09:15:00,1079.80983,1081.0,1042.4,1064.775,285211.0
2023-02-27 09:15:00,1072.292415,1072.292415,1029.55,1049.8125,282607.0
2023-02-28 09:15:00,1061.052458,1061.052458,1010.0,1018.8375,405670.0
2023-03-01 09:15:00,1039.944979,1039.944979,999.0,1013.2625,553777.0
2023-03-02 09:15:00,1026.60374,1095.05,1006.5,1042.575,1557519.0
2023-03-03 09:15:00,1034.58937,1149.0,1034.58937,1100.7,1901929.0
2023-03-06 09:15:00,1067.644685,1158.0,1067.644685,1130.275,830381.0
2023-03-08 09:15:00,1098.959842,1143.0,1098.959842,1129.1625,343984.0
2023-03-09 09:15:00,1114.061171,1144.75,1111.0,1129.425,278567.0
2023-03-10 09:15:00,1121.743086,1166.0,1102.2,1129.925,863567.0
2023-03-13 09:15:00,1125.834043,1144.85,1073.6,1112.3625,461467.0
2023-03-14 09:15:00,1119.098272,1119.098272,1061.0,1079.1625,295199.0
2023-03-15 09:15:00,1099.130386,1130.9,1057.65,1086.8625,757224.0
2023-03-16 09:15:00,1092.996443,1092.996443,1040.75,1063.4125,426301.0
2023-03-17 09:15:00,1078.204472,1105.0,1050.25,1078.1,504174.0
2023-03-20 09:15:00,1078.152236,1129.5,1010.0,1057.2,261934.0
2023-03-21 09:15:00,1067.676118,1102.85,1067.676118,1089.15,197883.0
2023-03-22 09:15:00,1078.413059,1141.0,1078.413059,1120.8,452607.0
2023-03-23 09:15:00,1099.60653,1195.65,1099.60653,1157.6625,1037918.0
2023-03-24 09:15:00,1128.634515,1205.0,1115.1,1158.1375,1445850.0
2023-03-27 09:15:00,1143.386008,1143.386008,1114.25,1128.75,393607.0
2023-03-28 09:15:00,1136.068004,1149.85,1122.25,1133.975,327666.0
2023-03-29 09:15:00,1135.021502,1176.7,1133.1,1153.25,468477.0
2023-03-31 09:15:00,1144.135751,1181.0,1144.135751,1164.2625,406105.0
2023-04-03 09:15:00,1154.199126,1174.95,1154.199126,1167.4875,167754.0
2023-04-05 09:15:00,1160.843313,1199.9,1160.843313,1177.3125,357140.0
2023-04-06 09:15:00,1169.077906,1214.0,1169.077906,1191.6875,598963.0
2023-04-10 09:15:00,1180.382703,1225.9,1180.382703,1209.675,439565.0
2023-04-11 09:15:00,1195.028852,1238.0,1195.028852,1226.4375,440388.0
2023-04-12 09:15:00,1210.733176,1255.0,1210.733176,1241.0875,349683.0
2023-04-13 09:15:00,1225.910338,1268.0,1225.910338,1260.975,275717.0
2023-04-17 09:15:00,1243.442669,1290.0,1243.442669,1272.6625,510281.0
2023-04-18 09:15:00,1258.052584,1358.85,1258.052584,1318.075,2716848.0
2023-04-19 09:15:00,1288.063792,1305.0,1258.0,1282.45,608551.0
2023-04-20 09:15:00,1285.256896,1285.256896,1230.55,1252.8125,410307.0
2023-04-21 09:15:00,1269.034698,1269.034698,1208.0,1229.4625,426800.0
2023-04-24 09:15:00,1249.248599,1249.248599,1222.0,1233.2375,346164.0
2023-04-25 09:15:00,1241.24305,1256.75,1220.0,1234.7875,304535.0
2023-04-26 09:15:00,1238.015275,1238.015275,1215.0,1226.675,152493.0
2023-04-27 09:15:00,1232.345138,1238.55,1220.0,1230.3,194232.0
2023-04-28 09:15:00,1231.322569,1242.35,1224.85,1232.55,147592.0
2023-05-02 09:15:00,1231.936284,1240.0,1221.0,1230.4875,213122.0
2023-05-03 09:15:00,1231.211892,1243.0,1220.05,1229.6,230600.0
2023-05-04 09:15:00,1230.405946,1234.8,1216.4,1224.675,173868.0
2023-05-05 09:15:00,1227.540473,1228.9,1218.15,1222.8125,132245.0
2023-05-08 09:15:00,1225.176486,1295.45,1219.5,1252.8625,911317.0
2023-05-09 09:15:00,1239.019493,1310.0,1239.019493,1288.95,606053.0
2023-05-10 09:15:00,1263.984746,1328.25,1263.984746,1309.6875,428312.0
2023-05-11 09:15:00,1286.836123,1334.85,1286.836123,1312.9,273136.0
2023-05-12 09:15:00,1299.868062,1324.0,1285.15,1306.1,279580.0
2023-05-15 09:15:00,1302.984031,1322.15,1302.984031,1313.0375,156898.0
2023-05-16 09:15:00,1308.010766,1319.0,1287.0,1302.8875,157386.0
2023-05-17 09:15:00,1305.449133,1305.449133,1255.0,1278.0625,226648.0
2023-05-18 09:15:00,1291.755816,1291.755816,1228.1,1249.7125,375370.0
2023-05-19 09:15:00,1270.734158,1270.734158,1181.2,1213.775,470670.0
2023-05-22 09:15:00,1242.254579,1259.9,1198.1,1227.575,396083.0
2023-05-23 09:15:00,1234.91479,1269.0,1200.0,1233.125,531078.0
2023-05-24 09:15:00,1234.019895,1234.019895,1202.3,1213.8375,351438.0
2023-05-25 09:15:00,1223.928698,1238.5,1214.5,1226.9375,314491.0
2023-05-26 09:15:00,1225.433099,1284.4,1225.433099,1259.3125,375632.0
2023-05-29 09:15:00,1242.3728,1320.0,1242.3728,1303.85,571001.0
2023-05-30 09:15:00,1273.1114,1318.95,1273.1114,1306.9625,220561.0
2023-05-31 09:15:00,1290.03695,1350.0,1280.45,1318.9875,744948.0
2023-06-01 09:15:00,1304.512225,1368.9,1304.512225,1349.825,330212.0
2023-06-02 09:15:00,1327.168612,1349.1,1297.0,1326.275,577597.0
2023-06-05 09:15:00,1326.721806,1405.0,1314.05,1355.4,859795.0
2023-06-06 09:15:00,1341.060903,1455.0,1341.060903,1417.925,1441192.0
2023-06-07 09:15:00,1379.492952,1479.95,1379.492952,1449.7875,711071.0
2023-06-08 09:15:00,1414.640226,1476.8,1414.640226,1454.8875,590709.0
2023-06-09 09:15:00,1434.763863,1496.0,1434.763863,1473.025,471030.0
2023-06-12 09:15:00,1453.894432,1506.0,1453.894432,1492.5875,326237.0
2023-06-13 09:15:00,1473.240966,1531.1,1473.240966,1509.1375,460225.0
2023-06-14 09:15:00,1491.189233,1550.0,1491.189233,1535.125,407508.0
2023-06-15 09:15:00,1513.157116,1575.4,1513.157116,1554.2375,404812.0
2023-06-16 09:15:00,1533.697308,1576.95,1533.697308,1559.1375,287616.0
2023-06-19 09:15:00,1546.417404,1565.0,1508.1,1549.1125,284510.0
2023-06-20 09:15:00,1547.764952,1610.0,1547.764952,1586.7375,1126620.0
2023-06-21 09:15:00,1567.251226,1630.0,1567.251226,1610.6,738206.0
2023-06-22 09:15:00,1588.925613,1632.0,1556.25,1595.525,303044.0
2023-06-23 09:15:00,1592.225306,1630.0,1571.3,1598.7625,964057.0
2023-06-26 09:15:00,1595.493903,1700.0,1595.493903,1651.9625,970090.0
2023-06-27 09:15:00,1623.728202,1727.0,1623.728202,1706.525,851711.0
2023-06-28 09:15:00,1665.126601,1743.95,1665.126601,1720.4,321772.0
2023-06-30 09:15:00,1692.7633,1725.0,1692.7633,1715.35,260133.0
2023-07-03 09:15:00,1704.05665,1766.0,1704.05665,1742.375,409735.0
2023-07-04 09:15:00,1723.215825,1793.7,1723.215825,1771.475,524820.0
2023-07-05 09:15:00,1747.345412,1801.15,1747.345412,1788.35,499497.0
2023-07-06 09:15:00,1767.847706,1795.05,1751.6,1776.2,249473.0
2023-07-07 09:15:00,1772.023853,1781.6,1705.1,1740.2125,351730.0
2023-07-10 09:15:00,1756.118176,1756.118176,1636.2,1698.25,447282.0
2023-07-11 09:15:00,1727.184088,1747.0,1704.1,1727.375,282231.0
2023-07-12 09:15:00,1727.279544,1769.85,1727.279544,1751.8625,292400.0
2023-07-13 09:15:00,1739.571022,1804.85,1730.25,1760.0625,831590.0
2023-07-14 09:15:00,1749.816761,1804.0,1701.5,1739.7,1669971.0
2023-07-17 09:15:00,1744.75838,1744.75838,1570.0,1604.6625,2155613.0
2023-07-18 09:15:00,1674.71044,1674.71044,1454.0,1528.725,2304083.0
2023-07-19 09:15:00,1601.71772,1601.71772,1452.0,1484.4875,1791574.0
2023-07-20 09:15:00,1543.10261,1578.45,1515.1,1545.3875,1085712.0
2023-07-21 09:15:00,1544.245055,1630.0,1544.245055,1592.175,1001914.0
2023-07-24 09:15:00,1568.210028,1654.2,1568.210028,1616.8625,655490.0
2023-07-25 09:15:00,1592.536264,1618.8,1572.05,1599.725,345034.0
2023-07-26 09:15:00,1596.130632,1616.75,1585.55,1600.575,228653.0
2023-07-27 09:15:00,1598.352816,1617.05,1572.7,1596.6125,211481.0
2023-07-28 09:15:00,1597.482658,1598.75,1545.0,1572.7625,312592.0
2023-07-31 09:15:00,1585.122579,1585.122579,1524.7,1548.825,454373.0
2023-08-01 09:15:00,1566.97379,1566.97379,1510.4,1531.275,281717.0
2023-08-02 09:15:00,1549.124395,1549.124395,1475.0,1499.6625,324638.0
2023-08-03 09:15:00,1524.393448,1524.393448,1462.0,1481.4375,219265.0
2023-08-04 09:15:00,1502.915474,1517.95,1495.7,1505.375,203558.0
2023-08-07 09:15:00,1504.145237,1537.95,1501.05,1521.2375,260587.0
2023-08-08 09:15:00,1512.691368,1730.0,1512.691368,1621.1125,2312527.0
2023-08-09 09:15:00,1566.901934,1774.95,1566.901934,1723.425,1323986.0
2023-08-10 09:15:00,1645.163467,1758.4,1645.163467,1729.6625,549413.0
2023-08-11 09:15:00,1687.412984,1746.5,1687.412984,1728.2625,274139.0
2023-08-14 09:15:00,1707.837742,1800.95,1707.837742,1751.45,1044893.0
2023-08-16 09:15:00,1729.643871,1810.0,1729.643871,1778.3375,797919.0
2023-08-17 09:15:00,1753.990686,1801.95,1753.990686,1778.5625,306085.0
2023-08-18 09:15:00,1766.276593,1778.35,1741.25,1764.475,262735.0
2023-08-21 09:15:00,1765.375796,1773.25,1745.55,1760.5125,159168.0
2023-08-22 09:15:00,1762.944148,1803.25,1755.2,1772.2125,370739.0
2023-08-23 09:15:00,1767.578324,1767.578324,1726.0,1747.55,310910.0
2023-08-24 09:15:00,1757.564162,1779.45,1701.05,1739.175,318722.0
2023-08-25 09:15:00,1748.369581,1748.369581,1671.05,1708.1625,218488.0
2023-08-28 09:15:00,1728.26604,1800.0,1700.05,1748.575,526410.0
2023-08-29 09:15:00,1738.42052,1807.9,1738.42052,1786.55,343822.0
2023-08-30 09:15:00,1762.48526,1802.95,1762.48526,1791.525,352728.0
2023-08-31 09:15:00,1777.00513,1881.0,1777.00513,1837.925,1637392.0
2023-09-01 09:15:00,1807.465065,1937.25,1807.465065,1908.45,1075423.0
2023-09-04 09:15:00,1857.957532,1933.0,1857.957532,1917.2,454708.0
2023-09-05 09:15:00,1887.578766,1925.0,1835.0,1883.7375,731407.0
2023-09-06 09:15:00,1885.658133,1885.658133,1815.0,1847.0875,327461.0
2023-09-07 09:15:00,1866.372816,1866.372816,1815.55,1834.9125,316260.0
2023-09-08 09:15:00,1850.642658,1888.8,1832.0,1857.4,385985.0
2023-09-11 09:15:00,1854.021329,1921.95,1854.021329,1885.8875,403075.0
2023-09-12 09:15:00,1869.954414,1884.7,1762.05,1825.5,488490.0
2023-09-13 09:15:00,1847.727207,1847.727207,1705.0,1757.6875,584196.0
2023-09-14 09:15:00,1802.707354,1802.707354,1740.05,1771.2,283257.0
2023-09-15 09:15:00,1786.953677,1902.45,1786.953677,1851.925,820331.0
2023-09-18 09:15:00,1819.439338,1906.25,1819.439338,1896.0375,314208.0
2023-09-20 09:15:00,1857.738419,1897.85,1827.0,1863.5,287664.0
2023-09-21 09:15:00,1860.61921,1882.35,1804.95,1846.5125,315575.0
2023-09-22 09:15:00,1853.565855,1879.5,1819.0,1851.225,265844.0
2023-09-25 09:15:00,1852.395428,1875.0,1836.3,1857.175,217613.0
2023-09-26 09:15:00,1854.785214,1890.0,1844.4,1871.075,277006.0
2023-09-27 09:15:00,1862.930107,1965.9,1852.95,1910.6375,955518.0
2023-09-28 09:15:00,1886.783804,1951.85,1866.4,1909.9,677028.0
2023-09-29 09:15:00,1898.341902,1898.341902,1837.15,1863.45,407134.0
2023-10-03 09:15:00,1880.895951,1880.895951,1824.05,1844.6125,306772.0
2023-10-04 09:15:00,1862.754226,1866.0,1826.55,1848.9375,304286.0
2023-10-05 09:15:00,1855.845863,1999.8,1855.05,1929.425,1561960.0
2023-10-06 09:15:00,1892.635432,2042.95,1892.635432,1995.4,1264162.0
2023-10-09 09:15:00,1944.017716,2069.3501,1934.9,1995.400025,1238551.0
2023-10-10 09:15:00,1969.70887,2109.0,1969.70887,2070.175,892968.0
2023-10-11 09:15:00,2019.941935,2136.0,2019.941935,2090.399975,881995.0
2023-10-12 09:15:00,2055.170955,2149.8,2055.170955,2115.287525,643394.0
2023-10-13 09:15:00,2085.22924,2249.25,2055.55,2141.100025,4862234.0
2023-10-16 09:15:00,2113.164632,2114.0,2046.0,2078.337475,847049.0
2023-10-17 09:15:00,2095.751054,2129.0,2075.05,2099.5875,602580.0
2023-10-18 09:15:00,2097.669277,2198.0,2097.669277,2149.275,1194313.0
2023-10-19 09:15:00,2123.472138,2205.0,2123.472138,2171.950025,666793.0
2023-10-20 09:15:00,2147.711082,2369.7,2147.711082,2278.449975,3406239.0
2023-10-23 09:15:00,2213.080528,2437.0,2211.25,2307.825,1817473.0
2023-10-25 09:15:00,2260.452764,2332.3,2207.3,2274.675025,1091910.0
2023-10-26 09:15:00,2267.563894,2432.1499,2241.7,2345.43745,1679781.0
2023-10-27 09:15:00,2306.500672,2549.1499,2306.500672,2481.237475,1723752.0
2023-10-30 09:15:00,2393.869074,2576.1499,2393.869074,2533.6875,1435050.0
2023-10-31 09:15:00,2463.778287,2599.1499,2463.778287,2568.55,807854.0
2023-11-01 09:15:00,2516.164144,2677.1499,2516.164144,2616.287475,1313008.0
2023-11-02 09:15:00,2566.22581,2687.0,2566.22581,2656.175,533308.0
2023-11-03 09:15:00,2611.200405,2850.0,2611.200405,2734.625,1672132.0
2023-11-06 09:15:00,2672.912702,2897.8501,2587.0,2730.075025,2420122.0
2023-11-07 09:15:00,2701.493864,2701.493864,2493.3999,2577.437475,1951788.0
2023-11-08 09:15:00,2639.46567,2699.0,2547.6001,2617.912525,1341585.0
2023-11-09 09:15:00,2628.689098,2760.8999,2628.689098,2697.337475,1029595.0
2023-11-10 09:15:00,2663.013286,2744.0,2663.013286,2714.150025,751337.0
2023-11-12 18:15:00,2688.581656,2750.0,2688.581656,2735.5125,141634.0
2023-11-13 09:15:00,2712.047078,2830.0,2711.0,2771.950025,781653.0
2023-11-15 09:15:00,2741.998552,3090.0,2741.998552,2949.525025,2254540.0
2023-11-16 09:15:00,2845.761788,3046.8999,2845.761788,2996.249975,1008322.0
2023-11-17 09:15:00,2921.005882,3049.0,2890.0,2957.5,959538.0
2023-11-20 09:15:00,2939.252941,3034.0,2905.2,2968.075025,1103012.0
2023-11-21 09:15:00,2953.663983,3032.1499,2921.3501,2981.425,452737.0
2023-11-22 09:15:00,2967.544492,3010.0,2927.3999,2963.44995,732561.0
2023-11-23 09:15:00,2965.497221,2998.2,2935.1001,2963.925,280446.0
2023-11-24 09:15:00,2964.71111,3080.0,2964.71111,3015.7625,1325755.0
2023-11-28 09:15:00,2990.236805,3195.0,2990.236805,3098.099975,1295226.0
2023-11-29 09:15:00,3044.16839,3121.1499,3027.0,3084.31245,753104.0
2023-11-30 09:15:00,3064.24042,3108.8999,3058.2,3077.462475,616998.0
2023-12-01 09:15:00,3070.851448,3125.0,3030.1001,3072.662525,517392.0
2023-12-04 09:15:00,3071.756986,3110.0,2956.6001,3037.275025,695136.0
2023-12-05 09:15:00,3054.516006,3054.516006,2903.0,2959.275025,831581.0
2023-12-06 09:15:00,3006.895516,3245.05,2977.2,3088.575,3185256.0
2023-12-07 09:15:00,3047.735258,3162.45,3047.735258,3112.25,673193.0
2023-12-08 09:15:00,3079.992629,3097.0,2940.1001,3021.0625,645800.0
2023-12-11 09:15:00,3050.527564,3050.527564,2950.0,2988.037475,657050.0
2023-12-12 09:15:00,3019.28252,3080.0,2974.05,3027.525025,743029.0
2023-12-13 09:15:00,3023.403772,3095.25,2966.0,3041.674975,420389.0
2023-12-14 09:15:00,3032.539374,3225.0,3032.539374,3139.6625,1306403.0
2023-12-15 09:15:00,3086.100937,3304.25,3086.100937,3229.825,1066026.0
2023-12-18 09:15:00,3157.962968,3385.0,3157.962968,3291.3375,642233.0
2023-12-19 09:15:00,3224.650234,3373.0,3224.650234,3313.600025,346865.0
2023-12-20 09:15:00,3269.12513,3349.95,3125.0,3235.1,688979.0
2023-12-21 09:15:00,3252.112565,3282.3501,3134.1499,3211.262525,395985.0
2023-12-22 09:15:00,3231.687545,3342.2,3231.687545,3294.35005,227632.0
2023-12-26 09:15:00,3263.018798,3350.0,3258.5,3299.175,208478.0
2023-12-27 09:15:00,3281.096899,3341.0,3279.1001,3310.412525,287730.0
2023-12-28 09:15:00,3295.754712,3444.95,3295.754712,3373.087525,392007.0
2023-12-29 09:15:00,3334.421118,3505.0,3334.421118,3450.7,541193.0
2024-01-01 09:15:00,3392.560559,3618.8999,3392.560559,3537.499975,313160.0
2024-01-02 09:15:00,3465.030267,3642.0,3465.030267,3565.3,286624.0
2024-01-03 09:15:00,3515.165134,3524.0,3465.0,3496.337475,181722.0
2024-01-04 09:15:00,3505.751304,3750.0,3505.751304,3619.525,846399.0
2024-01-05 09:15:00,3562.638152,3772.8,3562.638152,3681.725025,338899.0
2024-01-08 09:15:00,3622.181588,3884.1499,3622.181588,3800.57495,437238.0
2024-01-09 09:15:00,3711.378269,3896.0,3692.55,3795.1375,432937.0
2024-01-10 09:15:00,3753.257884,3814.95,3695.0,3764.937525,243139.0
2024-01-11 09:15:00,3759.097704,3835.2,3750.0,3793.225,200310.0
2024-01-12 09:15:00,3776.161352,3824.8999,3750.2,3798.849925,150616.0
2024-01-15 09:15:00,3787.505638,3895.0,3729.0,3824.925,431827.0
2024-01-16 09:15:00,3806.215319,3806.215319,3280.0,3428.724975,2784753.0
2024-01-17 09:15:00,3617.470147,3617.470147,3240.1499,3364.375,1415266.0
2024-01-18 09:15:00,3490.922574,3490.922574,3270.0,3330.900025,462958.0
2024-01-19 09:15:00,3410.9113,3410.9113,3297.0,3340.625,241730.0
2024-01-20 09:15:00,3375.76815,3375.76815,3200.0,3286.4,237129.0
2024-01-23 09:15:00,3331.084075,3331.084075,2930.0,3118.475,618379.0
2024-01-24 09:15:00,3224.779538,3224.779538,2876.05,2962.924975,843096.0
2024-01-25 09:15:00,3093.852256,3093.852256,2843.5,2926.425,658771.0
2024-01-29 09:15:00,3010.138628,3010.138628,2846.25,2919.1875,776276.0
2024-01-30 09:15:00,2964.663064,3114.3999,2951.05,3031.787475,661400.0
2024-01-31 09:15:00,2998.22527,3299.0,2998.22527,3193.162525,558315.0
2024-02-01 09:15:00,3095.693898,3377.8999,3095.693898,3327.9375,489470.0
2024-02-02 09:15:00,3211.815699,3436.1001,3211.815699,3348.837525,424636.0
2024-02-05 09:15:00,3280.326612,3354.55,3192.0,3271.025,244132.0
2024-02-06 09:15:00,3275.675806,3275.675806,3060.2,3164.637475,337693.0
2024-02-07 09:15:00,3220.15664,3363.45,3202.8,3282.5625,457752.0
2024-02-08 09:15:00,3251.35957,3438.2,3251.35957,3390.649975,366387.0
2024-02-09 09:15:00,3321.004772,3437.6001,3301.0,3387.91255,206713.0
2024-02-12 09:15:00,3354.458661,3418.1499,3180.0,3300.587475,209280.0
2024-02-13 09:15:00,3327.523068,3327.523068,3117.05,3216.924975,172574.0
2024-02-14 09:15:00,3272.224022,3293.45,3192.75,3246.762525,138884.0
2024-02-15 09:15:00,3259.493274,3318.45,3251.6001,3286.275025,136826.0
2024-02-16 09:15:00,3272.88415,3308.95,3235.25,3276.587475,94931.0
2024-02-19 09:15:00,3274.735812,3304.1001,3156.95,3246.35005,123064.0
2024-02-20 09:15:00,3260.542931,3270.0,3124.45,3195.7375,218690.0
2024-02-21 09:15:00,3228.140216,3228.140216,3080.0,3131.287525,131298.0
2024-02-22 09:15:00,3179.71387,3179.71387,3036.0,3092.625025,282345.0
2024-02-23 09:15:00,3136.169448,3136.169448,3022.1001,3076.36255,320652.0
2024-02-26 09:15:00,3106.265999,3106.265999,2956.1001,3015.275025,310403.0
2024-02-27 09:15:00,3060.770512,3060.770512,2910.0,2969.45,365886.0
2024-02-28 09:15:00,3015.110256,3015.110256,2856.55,2903.1875,223116.0
2024-02-29 09:15:00,2959.148878,2959.148878,2750.5,2825.55,685326.0
2024-03-01 09:15:00,2892.349439,2892.349439,2794.05,2829.224975,469886.0
2024-03-02 09:15:00,2860.787207,2860.787207,2819.95,2830.762475,31703.0
2024-03-04 09:15:00,2845.774841,2955.3999,2800.0,2889.774975,1009984.0
2024-03-05 09:15:00,2867.774908,2915.45,2852.1001,2887.512525,193497.0
2024-03-06 09:15:00,2877.643716,2877.8,2750.0,2815.7125,326018.0
2024-03-07 09:15:00,2846.678108,2846.678108,2725.1001,2767.150025,261260.0
2024-03-11 09:15:00,2806.914066,2806.914066,2625.0,2697.425,406809.0
2024-03-12 09:15:00,2752.169533,2752.169533,2502.0,2599.5,554136.0
2024-03-13 09:15:00,2675.834766,2675.834766,2335.3999,2467.524975,811940.0
2024-03-14 09:15:00,2571.67987,2685.0,2422.75,2550.912475,814104.0
2024-03-15 09:15:00,2561.296172,2704.0,2511.0,2633.2375,477531.0
2024-03-18 09:15:00,2597.266836,2675.0,2525.0,2590.262525,279645.0
2024-03-19 09:15:00,2593.76468,2593.76468,2456.5,2504.524975,179391.0
2024-03-20 09:15:00,2549.144828,2678.0,2486.05,2560.89995,603067.0
2024-03-21 09:15:00,2555.022389,2669.0,2555.022389,2634.16255,272225.0
2024-03-22 09:15:00,2594.59247,2719.95,2594.59247,2654.149975,440571.0
2024-03-26 09:15:00,2624.371222,2760.8999,2624.371222,2723.14995,516991.0
2024-03-27 09:15:00,2673.760586,2999.0,2653.8999,2838.999975,1237051.0
2024-03-28 09:15:00,2756.38028,3115.0,2756.38028,3043.775025,872601.0
2024-04-01 09:15:00,2900.077652,3143.95,2900.077652,3073.962475,475470.0
2024-04-02 09:15:00,2987.020064,3058.8999,2987.020064,3019.174975,274153.0
2024-04-03 09:15:00,3003.09752,3215.0,3003.09752,3111.6,663984.0
2024-04-04 09:15:00,3057.34876,3229.1499,2970.05,3101.09995,986043.0
2024-04-05 09:15:00,3079.224355,3079.224355,2932.1001,2977.974975,480310.0
2024-04-08 09:15:00,3028.599665,3042.25,2932.05,2979.46245,279413.0
2024-04-09 09:15:00,3004.031058,3004.031058,2836.0,2905.150025,428173.0
2024-04-10 09:15:00,2954.590542,2954.590542,2821.05,2881.375,444470.0
2024-04-12 09:15:00,2917.982771,2917.982771,2871.2,2892.324975,288710.0
2024-04-15 09:15:00,2905.153873,2905.153873,2722.05,2801.599975,371901.0
2024-04-16 09:15:00,2853.376924,2889.0,2770.0,2820.2625,331160.0
2024-04-18 09:15:00,2836.819712,3100.0,2771.0,2938.2,2686390.0
2024-04-19 09:15:00,2887.509856,2887.509856,2675.45,2730.862525,1161724.0
2024-04-22 09:15:00,2809.18619,2840.0,2711.25,2776.725,727746.0
2024-04-23 09:15:00,2792.955595,2884.0,2792.955595,2855.825,409100.0
2024-04-24 09:15:00,2824.390298,2880.8,2824.390298,2854.84995,276260.0
2024-04-25 09:15:00,2839.620124,2850.0,2805.05,2829.2125,218458.0
2024-04-26 09:15:00,2834.416312,2926.0,2800.0,2845.95,316313.0
2024-04-29 09:15:00,2840.183156,2890.0,2750.0,2822.212525,363358.0
2024-04-30 09:15:00,2831.19784,2831.19784,2765.0,2792.887525,226866.0
2024-05-02 09:15:00,2812.042682,2812.042682,2769.6001,2788.0125,595938.0
2024-05-03 09:15:00,2800.027591,2800.027591,2705.55,2753.05,240090.0
2024-05-06 09:15:00,2776.538796,2776.538796,2620.3,2685.7625,353957.0
2024-05-07 09:15:00,2731.150648,2731.150648,2575.05,2629.96245,416067.0
2024-05-08 09:15:00,2680.556549,2680.556549,2560.0,2583.75,308574.0
2024-05-09 09:15:00,2632.153274,2632.153274,2405.0,2506.30005,689238.0
2024-05-10 09:15:00,2569.226662,2569.226662,2413.8501,2471.974975,677597.0
2024-05-13 09:15:00,2520.600818,2527.95,2401.0,2472.9625,817772.0
2024-05-14 09:15:00,2496.781659,2629.8,2490.0,2555.4625,725957.0
2024-05-15 09:15:00,2526.12208,2701.0,2526.12208,2646.349975,665604.0
2024-05-16 09:15:00,2586.236028,2730.0,2586.236028,2709.087525,428450.0
2024-05-17 09:15:00,2647.661776,2758.0,2647.661776,2738.0875,289363.0
2024-05-18 09:15:00,2692.874638,2770.0,2692.874638,2759.1375,34488.0
2024-05-21 09:15:00,2726.006069,2757.5,2635.0,2701.5,512799.0
2024-05-22 09:15:00,2713.753034,2713.753034,2595.0,2636.950025,377871.0
2024-05-23 09:15:00,2675.35153,2675.35153,2608.0,2620.400025,250520.0
2024-05-24 09:15:00,2647.875778,2647.875778,2596.0,2612.1375,195163.0
2024-05-27 09:15:00,2630.006639,2664.6001,2580.0,2613.087525,282154.0
2024-05-28 09:15:00,2621.547082,2621.547082,2525.0,2563.1875,217353.0
2024-05-29 09:15:00,2592.367291,2592.367291,2486.0,2510.3125,288175.0
2024-05-30 09:15:00,2551.339896,2551.339896,2460.0,2483.6625,354853.0
2024-05-31 09:15:00,2517.501198,2517.501198,2437.05,2476.312475,545433.0
2024-06-03 09:15:00,2496.906836,2646.8501,2496.906836,2602.900025,588066.0
2024-06-04 09:15:00,2549.90343,2570.0,2129.7,2379.387525,1337948.0
2024-06-05 09:15:00,2464.645478,2464.645478,2285.0,2341.75,777898.0
2024-06-06 09:15:00,2403.197739,2530.0,2388.05,2463.412475,667068.0
2024-06-07 09:15:00,2433.305107,2600.0,2433.305107,2560.77495,360721.0
2024-06-10 09:15:00,2497.040028,2634.0,2497.040028,2611.6375,369875.0
2024-06-11 09:15:00,2554.338764,2694.0,2554.338764,2651.13745,335025.0
2024-06-12 09:15:00,2602.738107,2694.0,2602.738107,2657.3875,522796.0
2024-06-13 09:15:00,2630.062804,2697.0,2617.0,2649.400025,396294.0
2024-06-14 09:15:00,2639.731414,2650.6499,2596.05,2619.325,282439.0
2024-06-18 09:15:00,2629.528207,2678.0,2621.3999,2642.974975,519168.0
2024-06-19 09:15:00,2636.251591,2673.05,2600.1001,2637.725025,286614.0
2024-06-20 09:15:00,2636.988308,2636.988308,2575.0,2594.5625,188761.0
2024-06-21 09:15:00,2615.775404,2635.0,2576.3,2606.0625,640469.0
2024-06-24 09:15:00,2610.918952,2624.3999,2571.7,2599.225,208201.0
2024-06-25 09:15:00,2605.071976,2605.071976,2525.0,2566.7625,317033.0
2024-06-26 09:15:00,2585.917238,2619.75,2538.3999,2581.574975,352564.0
2024-06-27 09:15:00,2583.746106,2657.5,2575.3999,2606.049975,476661.0
2024-06-28 09:15:00,2594.89804,2648.8,2586.1001,2614.475025,298907.0
2024-07-01 09:15:00,2604.686532,2604.686532,2532.0,2577.150025,552069.0
2024-07-02 09:15:00,2590.918278,2590.918278,2312.55,2368.600025,5399072.0
2024-07-03 09:15:00,2479.759152,2479.759152,2287.05,2345.425025,1811017.0
2024-07-04 09:15:00,2412.592088,2412.592088,2322.0,2345.45,691807.0
2024-07-05 09:15:00,2379.021044,2410.0,2345.0,2370.912525,1042961.0
2024-07-08 09:15:00,2374.966784,2389.8999,2315.25,2356.099975,484620.0
2024-07-09 09:15:00,2365.53338,2366.0,2222.0,2295.7625,1130860.0
2024-07-10 09:15:00,2330.64794,2330.64794,2201.1001,2231.16255,1069757.0
2024-07-11 09:15:00,2280.905245,2280.905245,2208.0,2223.025025,721496.0
2024-07-12 09:15:00,2251.965135,2256.1499,2221.1499,2236.774975,400886.0
2024-07-15 09:15:00,2244.370055,2294.0,2244.370055,2273.737475,620707.0
2024-07-16 09:15:00,2259.053765,2320.2,2210.0,2266.75,1121708.0
2024-07-18 09:15:00,2262.901882,2262.901882,2155.0,2193.1375,682604.0
2024-07-19 09:15:00,2228.019691,2228.019691,2080.1001,2122.75,689013.0
2024-07-22 09:15:00,2175.384846,2175.384846,2058.0,2102.1125,892660.0
2024-07-23 09:15:00,2138.748673,2316.05,2025.0,2170.6375,3117016.0
2024-07-24 09:15:00,2154.693086,2251.6001,2154.693086,2211.650025,910700.0
2024-07-25 09:15:00,2183.171556,2183.171556,2125.0,2152.112475,494559.0
2024-07-26 09:15:00,2167.642016,2167.642016,2115.95,2134.462475,647513.0
2024-07-29 09:15:00,2151.052246,2165.7,2131.55,2146.775025,404837.0
2024-07-30 09:15:00,2148.913636,2151.2,2126.2,2141.199975,460955.0
2024-07-31 09:15:00,2145.056806,2274.8,2083.0,2153.249975,2866651.0
2024-08-01 09:15:00,2149.15339,2247.0,2149.15339,2205.724975,1085622.0
2024-08-02 09:15:00,2177.439182,2309.5,2177.439182,2232.5625,1213860.0
2024-08-05 09:15:00,2205.000841,2205.000841,2115.0,2154.4,870357.0
2024-08-06 09:15:00,2179.70042,2180.8999,2030.0,2110.799925,932734.0
2024-08-07 09:15:00,2145.250172,2168.25,2066.2,2116.7875,683981.0
2024-08-08 09:15:00,2131.018836,2185.1001,2131.018836,2158.937525,487068.0
2024-08-09 09:15:00,2144.97818,2193.0,2144.97818,2175.475025,324747.0
2024-08-12 09:15:00,2160.226602,2208.1001,2098.3999,2146.474975,694146.0
2024-08-13 09:15:00,2153.350788,2153.350788,2082.75,2106.975,525966.0
2024-08-14 09:15:00,2130.162894,2130.162894,2078.0,2106.7375,298178.0
2024-08-16 09:15:00,2118.450197,2170.55,2110.0,2145.174975,385491.0
2024-08-19 09:15:00,2131.812586,2379.95,2131.812586,2272.85,4187572.0
2024-08-20 09:15:00,2202.331293,2739.95,2202.331293,2538.849975,14703506.0
2024-08-21 09:15:00,2370.590634,2855.0,2370.590634,2707.974975,7087844.0
2024-08-22 09:15:00,2539.282804,2730.0,2539.282804,2663.375,1701299.0
2024-08-23 09:15:00,2601.328902,2639.8,2550.0,2595.662475,1045612.0
2024-08-26 09:15:00,2598.495688,2700.0,2585.0,2632.899975,1358379.0
2024-08-27 09:15:00,2615.697832,2686.8,2590.0,2639.362475,528745.0
2024-08-28 09:15:00,2627.530154,2649.8501,2570.8999,2613.125,627460.0
2024-08-29 09:15:00,2620.327577,2643.0,2558.0,2603.7625,462128.0
2024-08-30 09:15:00,2612.045038,2636.2,2545.0,2591.637525,510332.0
2024-09-02 09:15:00,2601.841282,2622.0,2550.0,2585.587525,499089.0
2024-09-03 09:15:00,2593.714404,2628.6499,2518.3999,2566.16245,688140.0
2024-09-04 09:15:00,2579.938427,2590.05,2512.0,2543.5625,529824.0
2024-09-05 09:15:00,2561.750464,2573.8,2500.0,2537.549975,557548.0
2024-09-06 09:15:00,2549.65022,2549.65022,2401.05,2476.0125,805234.0
2024-09-09 09:15:00,2512.83136,2512.83136,2315.15,2410.175,794589.0
2024-09-10 09:15:00,2461.50318,2506.2,2428.35,2467.975,609155.0
2024-09-11 09:15:00,2464.73909,2464.73909,2387.4,2421.375,326227.0
2024-09-12 09:15:00,2443.057045,2454.0,2371.9,2409.525,498540.0
2024-09-13 09:15:00,2426.291022,2465.0,2408.0,2436.9375,486643.0
2024-09-16 09:15:00,2431.614261,2637.7,2431.614261,2536.6875,2132927.0
2024-09-17 09:15:00,2484.15088,2600.3,2484.15088,2567.025,666634.0
2024-09-18 09:15:00,2525.58794,2694.0,2525.58794,2600.5625,2631022.0
2024-09-19 09:15:00,2563.07522,2654.0,2472.05,2574.8625,1185748.0
2024-09-20 09:15:00,2568.96886,2614.0,2526.0,2568.7125,969884.0
2024-09-23 09:15:00,2568.84068,2647.65,2568.84068,2613.6,694321.0
2024-09-24 09:15:00,2591.22034,2645.0,2585.05,2613.85,505213.0
2024-09-25 09:15:00,2602.53517,2602.53517,2530.0,2564.75,503864.0
2024-09-26 09:15:00,2583.642585,2583.642585,2445.25,2500.9625,762878.0
2024-09-27 09:15:00,2542.302542,2568.0,2468.0,2514.425,702358.0
2024-09-30 09:15:00,2528.363771,2608.0,2493.0,2539.125,1162173.0
2024-10-01 09:15:00,2533.744386,2753.8,2533.744386,2633.9875,5049436.0
2024-10-03 09:15:00,2583.865943,2794.3,2450.0,2627.8625,7559524.0
2024-10-04 09:15:00,2605.864222,2749.8,2605.864222,2684.7375,2798216.0
2024-10-07 09:15:00,2645.300861,2689.7,2496.05,2597.55,1828223.0
2024-10-08 09:15:00,2621.42543,2621.42543,2522.65,2564.95,1115014.0
2024-10-09 09:15:00,2593.187715,2671.0,2580.05,2610.5625,777061.0
2024-10-10 09:15:00,2601.875108,2634.35,2551.0,2597.975,740979.0
2024-10-11 09:15:00,2599.925054,2718.65,2599.925054,2659.7125,1285183.0
2024-10-14 09:15:00,2629.818777,2830.0,2629.818777,2736.9875,3426969.0
2024-10-15 09:15:00,2683.403138,3258.0,2683.403138,3072.1375,20907750.0
2024-10-16 09:15:00,2877.770319,3393.0,2877.770319,3222.05,13195325.0
2024-10-17 09:15:00,3049.91016,3230.0,3049.91016,3165.025,4881484.0
2024-10-18 09:15:00,3107.46758,3217.85,3061.0,3126.8375,4149241.0
2024-10-21 09:15:00,3117.15254,3167.05,3000.0,3080.0,2039293.0
2024-10-22 09:15:00,3098.57627,3098.57627,2858.0,2953.0,2148414.0
2024-10-23 09:15:00,3025.788135,3049.0,2860.0,2940.2625,2622876.0
2024-10-24 09:15:00,2983.025318,2992.95,2860.0,2925.6875,1166397.0
2024-10-25 09:15:00,2954.356409,2954.356409,2760.3,2842.275,1417751.0
2024-10-28 09:15:00,2898.315704,2940.0,2810.3,2864.5625,2045886.0
2024-10-29 09:15:00,2881.439102,2983.15,2824.8,2912.125,1543213.0
2024-10-30 09:15:00,2896.782051,3124.0,2896.782051,3020.975,2227229.0
2024-10-31 09:15:00,2958.878526,3069.0,2958.878526,3035.1625,1042831.0
2024-11-01 18:00:00,2997.020513,3100.0,2997.020513,3074.8,276246.0
2024-11-04 09:15:00,3035.910256,3074.9,2861.1,2969.7625,1436467.0
2024-11-05 09:15:00,3002.836378,3002.836378,2833.05,2894.0,1707157.0
2024-11-06 09:15:00,2948.418189,2984.8,2922.55,2945.675,1103174.0
2024-11-07 09:15:00,2947.046594,3015.0,2876.65,2931.475,1338375.0
2024-11-08 09:15:00,2939.260797,2974.6,2832.0,2891.1375,1508988.0
2024-11-11 09:15:00,2915.199148,2915.199148,2761.25,2805.0,1001605.0
2024-11-12 09:15:00,2860.099574,2860.099574,2720.0,2774.1875,831226.0
2024-11-13 09:15:00,2817.143537,2817.143537,2605.0,2674.3625,1103902.0
2024-11-14 09:15:00,2745.753018,2782.35,2623.0,2685.75,1679808.0
2024-11-18 09:15:00,2715.751509,2717.85,2623.0,2678.9625,839861.0
2024-11-19 09:15:00,2697.357004,2754.0,2650.0,2691.6125,815585.0
2024-11-21 09:15:00,2694.484752,2741.0,2626.0,2686.55,1030356.0
2024-11-22 09:15:00,2690.517376,2744.95,2668.05,2712.0625,767923.0
2024-11-25 09:15:00,2701.289938,2882.0,2701.289938,2786.7875,1889496.0
2024-11-26 09:15:00,2744.038719,2938.0,2744.038719,2853.35,1834047.0
2024-11-27 09:15:00,2798.69436,2969.0,2798.69436,2928.2625,1457060.0
2024-11-28 09:15:00,2863.47843,2959.25,2855.0,2904.2375,1052171.0
2024-11-29 09:15:00,2883.857965,2954.0,2880.25,2907.5875,974620.0
2024-12-02 09:15:00,2895.722732,2945.0,2838.6,2889.425,784487.0
2024-12-03 09:15:00,2892.573866,3087.3,2892.573866,3010.375,2036889.0
2024-12-04 09:15:00,2951.474433,3098.0,2951.474433,3055.7375,868462.0
2024-12-05 09:15:00,3003.605966,3245.3,3003.605966,3137.9875,3327990.0
2024-12-06 09:15:00,3070.796733,3328.85,3070.0,3217.9125,4369512.0
2024-12-09 09:15:00,3144.354616,3503.15,3144.354616,3377.7125,4243964.0
2024-12-10 09:15:00,3261.033558,3479.05,3261.033558,3419.7,1911715.0
2024-12-11 09:15:00,3340.366779,3462.0,3340.366779,3416.05,1222806.0
2024-12-12 09:15:00,3378.20839,3471.95,3378.20839,3430.45,1223329.0
2024-12-13 09:15:00,3404.329195,3428.95,3282.55,3382.3375,2230281.0
2024-12-16 09:15:00,3393.333348,3400.0,3212.9,3310.05,2496986.0
2024-12-17 09:15:00,3351.691674,3351.691674,3145.15,3201.3375,1503190.0
2024-12-18 09:15:00,3276.514587,3276.514587,3082.4,3140.225,1475867.0
2024-12-19 09:15:00,3208.369794,3208.369794,3019.0,3060.3125,1383967.0
2024-12-20 09:15:00,3134.341147,3134.341147,2850.0,2969.9875,2112311.0
2024-12-23 09:15:00,3052.164324,3052.164324,2836.35,2897.375,1167690.0
2024-12-24 09:15:00,2974.769662,2974.769662,2858.0,2895.0875,1227190.0
2024-12-26 09:15:00,2934.928581,2934.95,2870.25,2909.7875,738070.0
2024-12-27 09:15:00,2922.35804,2959.85,2827.05,2895.4125,836757.0
2024-12-30 09:15:00,2908.88527,2945.0,2846.9,2902.4375,1100014.0
2024-12-31 09:15:00,2905.661385,2936.95,2837.55,2902.7875,823118.0
2025-01-01 09:15:00,2904.224442,3042.0,2904.224442,2985.5,1591437.0
2025-01-02 09:15:00,2944.862221,3039.55,2944.862221,3003.05,962882.0
2025-01-03 09:15:00,2973.95611,2999.0,2849.2,2920.1875,1956072.0
2025-01-06 09:15:00,2947.071805,2990.0,2732.5,2839.8375,2387281.0
2025-01-07 09:15:00,2893.454652,2893.454652,2695.15,2758.55,1582035.0
2025-01-08 09:15:00,2826.002326,2826.002326,2630.05,2713.1375,1913994.0
2025-01-09 09:15:00,2769.569913,2769.569913,2612.0,2646.4625,1290101.0
2025-01-10 09:15:00,2708.016206,2708.016206,2533.0,2587.2625,1308452.0
2025-01-13 09:15:00,2647.639353,2647.639353,2392.0,2476.0625,2431897.0
2025-01-14 09:15:00,2561.850926,2561.850926,2274.0,2360.1125,6227921.0
2025-01-15 09:15:00,2460.981713,2527.0,2377.0,2445.475,2848896.0
2025-01-16 09:15:00,2453.228356,2567.7,2453.228356,2504.85,1609570.0
2025-01-17 09:15:00,2479.039178,2494.45,2442.0,2468.9875,685877.0
2025-01-20 09:15:00,2474.013339,2609.0,2430.15,2520.2875,1957385.0
2025-01-21 09:15:00,2497.15042,2587.15,2482.1,2541.8875,1096699.0
2025-01-22 09:15:00,2519.51896,2522.75,2390.0,2467.525,1310829.0
2025-01-23 09:15:00,2493.52198,2494.0,2397.8,2439.3125,1226568.0
2025-01-24 09:15:00,2466.41724,2466.41724,2320.0,2377.0375,1348312.0
2025-01-27 09:15:00,2421.72737,2421.72737,2188.5,2254.95,1867083.0
2025-01-28 09:15:00,2338.338685,2338.338685,2150.3,2200.25,1604031.0
2025-01-29 09:15:00,2269.294342,2318.65,2182.05,2248.825,1277478.0
2025-01-30 09:15:00,2259.059671,2328.95,2255.0,2292.9375,1305817.0
2025-01-31 09:15:00,2275.998586,2355.0,2260.1,2312.3,769979.0
2025-02-01 09:15:00,2294.149293,2520.0,2294.149293,2410.05,1421743.0
2025-02-03 09:15:00,2352.099646,2423.95,2304.75,2369.6,1129582.0
2025-02-04 09:15:00,2360.849823,2388.25,2307.1,2345.4375,838489.0
2025-02-05 09:15:00,2353.143662,2536.85,2353.143662,2448.7625,2741969.0
2025-02-06 09:15:00,2400.953081,2504.0,2400.953081,2468.1125,658313.0
2025-02-07 09:15:00,2434.53279,2484.6,2401.35,2434.6875,730037.0
2025-02-10 09:15:00,2434.610145,2434.610145,2330.0,2378.1375,617701.0
2025-02-11 09:15:00,2406.373822,2406.373822,2212.05,2295.475,1137159.0
2025-02-12 09:15:00,2350.924411,2380.0,2195.0,2300.5875,2177325.0
2025-02-13 09:15:00,2325.755956,2369.05,2301.0,2332.8125,702919.0
2025-02-14 09:15:00,2329.284228,2341.25,2195.0,2268.1375,906535.0
2025-02-17 09:15:00,2298.710864,2298.710864,2150.1,2208.225,1078376.0
2025-02-18 09:15:00,2253.467932,2253.467932,2166.75,2207.6625,690499.0
2025-02-19 09:15:00,2230.565216,2332.3,2172.15,2256.675,1142407.0
2025-02-20 09:15:00,2243.620108,2403.0,2243.620108,2342.4625,986218.0
2025-02-21 09:15:00,2293.041304,2441.2,2293.041304,2375.525,848164.0
2025-02-24 09:15:00,2334.283152,2343.95,2252.0,2299.5875,976008.0
2025-02-25 09:15:00,2316.935326,2316.935326,2195.5,2250.175,943432.0
2025-02-27 09:15:00,2283.555163,2283.555163,2140.0,2195.7375,1139119.0
2025-02-28 09:15:00,2239.646332,2239.646332,2091.7,2165.9375,1494315.0
2025-03-03 09:15:00,2202.791916,2202.791916,1952.25,2074.6875,3993269.0
2025-03-04 09:15:00,2138.739708,2138.739708,1944.0,1993.9,2190686.0
2025-03-05 09:15:00,2066.319854,2128.2,1995.5,2060.45,1664624.0
2025-03-06 09:15:00,2063.384927,2132.0,2063.384927,2106.475,1256219.0
2025-03-07 09:15:00,2084.929964,2159.0,2084.929964,2116.0,888336.0
2025-03-10 09:15:00,2100.464982,2126.45,2030.0,2073.8875,828884.0
2025-03-11 09:15:00,2087.176241,2087.176241,1986.0,2006.9,921516.0
2025-03-12 09:15:00,2047.03812,2047.03812,1956.0,1994.075,1028344.0
2025-03-13 09:15:00,2020.55656,2020.55656,1941.0,1971.6125,1026345.0
2025-03-17 09:15:00,1996.08453,1999.0,1957.0,1978.7125,829703.0
2025-03-18 09:15:00,1987.398515,2099.0,1987.398515,2044.7125,1139940.0
2025-03-19 09:15:00,2016.055508,2231.0,2016.055508,2162.575,1615739.0
2025-03-20 09:15:00,2089.315254,2280.0,2089.315254,2235.275,1906315.0
2025-03-21 09:15:00,2162.295127,2344.4,2162.295127,2294.05,1585395.0
2025-03-24 09:15:00,2228.172564,2424.0,2228.172564,2372.5375,1572740.0
2025-03-25 09:15:00,2300.355032,2399.3,2290.0,2344.2375,998781.0
2025-03-26 09:15:00,2322.296266,2337.2,2267.5,2307.7,1134580.0
2025-03-27 09:15:00,2314.998133,2348.8,2295.4,2319.3625,891101.0
2025-03-28 09:15:00,2317.180316,2398.0,2300.0,2336.55,1120190.0
2025-04-01 09:15:00,2326.865158,2370.0,2273.0,2314.7375,848734.0
2025-04-02 09:15:00,2320.801329,2364.45,2296.0,2334.7,619679.0
2025-04-03 09:15:00,2327.750664,2475.0,2327.750664,2407.7,1527588.0
2025-04-04 09:15:00,2367.725332,2435.0,2271.0,2354.85,1968968.0
2025-04-07 09:15:00,2361.287666,2361.287666,2057.0,2103.6375,1461380.0
2025-04-08 09:15:00,2232.462583,2270.0,2167.2,2216.075,1604355.0
2025-04-09 09:15:00,2224.268792,2238.0,2156.5,2205.725,798164.0
2025-04-11 09:15:00,2214.996896,2309.0,2214.996896,2281.0,606686.0
2025-04-15 09:15:00,2247.998448,2327.6,2247.998448,2311.025,791025.0
2025-04-16 09:15:00,2279.511724,2372.0,2279.511724,2331.2,1266420.0
2025-04-17 09:15:00,2305.355862,2385.8,2201.0,2286.0,5558254.0
2025-04-21 09:15:00,2295.677931,2524.0,2295.677931,2424.925,2904113.0
2025-04-22 09:15:00,2360.301466,2552.5,2360.301466,2499.35,1925473.0
2025-04-23 09:15:00,2429.825733,2545.1,2415.0,2500.3,2678338.0
2025-04-24 09:15:00,2465.062866,2541.0,2465.062866,2507.475,1024075.0
2025-04-25 09:15:00,2486.268933,2512.7,2305.1,2411.2,2044434.0
2025-04-28 09:15:00,2448.734466,2448.734466,2321.1,2344.925,885282.0
2025-04-29 09:15:00,2396.829733,2405.0,2341.3,2367.0,703705.0
2025-04-30 09:15:00,2381.914866,2381.914866,2300.0,2328.5,658488.0
2025-05-02 09:15:00,2355.207433,2355.207433,2295.1,2318.7,497213.0
2025-05-05 09:15:00,2336.953716,2399.0,2301.8,2354.4,776384.0
2025-05-06 09:15:00,2345.676858,2395.9,2285.1,2342.575,802348.0
2025-05-07 09:15:00,2344.125929,2405.0,2259.0,2326.4,1133248.0
2025-05-08 09:15:00,2335.262964,2424.2,2312.1,2359.5,881297.0
2025-05-09 09:15:00,2347.381482,2347.381482,2252.9,2298.95,778004.0
2025-05-12 09:15:00,2323.165741,2490.0,2323.165741,2438.275,1111128.0
2025-05-13 09:15:00,2380.72037,2504.4,2380.72037,2481.05,673786.0
2025-05-14 09:15:00,2430.885185,2579.6,2430.885185,2527.725,1171422.0
2025-05-15 09:15:00,2479.305092,2605.0,2479.305092,2572.175,749941.0
2025-05-16 09:15:00,2525.740046,2825.0,2525.740046,2693.65,3659347.0
2025-05-19 09:15:00,2609.695023,2838.9,2609.695023,2800.55,1265477.0
2025-05-20 09:15:00,2705.122512,2867.0,2705.122512,2799.875,1779101.0
2025-05-21 09:15:00,2752.498756,2893.7,2752.498756,2822.8,1420966.0
2025-05-22 09:15:00,2787.649378,2948.0,2781.6,2877.3,2502526.0
2025-05-23 09:15:00,2832.474689,3100.0,2832.474689,2996.65,3230371.0
2025-05-26 09:15:00,2914.562344,3119.0,2914.562344,3040.9,1452015.0
2025-05-27 09:15:00,2977.731172,3063.0,2977.731172,3013.525,1236314.0
2025-05-28 09:15:00,2995.628086,3080.0,2995.628086,3029.625,1055755.0
2025-05-29 09:15:00,3012.626543,3048.0,2983.2,3016.675,583893.0
2025-05-30 09:15:00,3014.650772,3093.0,2998.1,3031.925,1045810.0
2025-06-02 09:15:00,3023.287886,3171.9,3016.0,3094.0,1703099.0
2025-06-03 09:15:00,3058.643943,3185.0,3058.643943,3129.925,1319977.0
2025-06-04 09:15:00,3094.284472,3142.9,3082.5,3113.5,669560.0
2025-06-05 09:15:00,3103.892236,3285.0,3103.892236,3208.2,2143988.0
2025-06-06 09:15:00,3156.046118,3275.0,3156.046118,3236.0,792282.0
2025-06-09 09:15:00,3196.023059,3284.0,3193.0,3224.175,696223.0
2025-06-10 09:15:00,3210.09903,3220.9,3123.0,3176.825,728254.0
2025-06-11 09:15:00,3193.462015,3193.462015,3063.0,3127.7,641631.0
2025-06-12 09:15:00,3160.581008,3160.581008,3004.1,3060.25,747422.0
2025-06-13 09:15:00,3110.415504,3110.415504,2901.0,2939.0,901104.0
2025-06-16 09:15:00,3024.707752,3024.707752,2850.0,2913.1,781858.0
2025-06-17 09:15:00,2968.903876,2968.903876,2860.5,2902.225,671174.0
2025-06-18 09:15:00,2935.564438,2935.564438,2853.6,2878.3,552700.0
2025-06-19 09:15:00,2906.932219,2909.5,2775.3,2833.85,675724.0
2025-06-20 09:15:00,2870.39111,2870.39111,2758.0,2802.55,1445536.0
2025-06-23 09:15:00,2836.470555,2943.9,2781.8,2865.175,1182629.0
2025-06-24 09:15:00,2850.822778,3008.2,2850.822778,2972.375,1088835.0
2025-06-25 09:15:00,2911.598889,3015.0,2841.5,2921.3,1446907.0
2025-06-26 09:15:00,2916.449444,2916.449444,2831.7,2882.425,1113413.0
2025-06-27 09:15:00,2899.437222,2983.0,2888.1,2924.95,1181089.0
2025-06-30 09:15:00,2912.193611,2983.0,2912.193611,2937.275,899633.0
2025-07-01 09:15:00,2924.734306,2969.9,2893.1,2938.125,737669.0
2025-07-02 09:15:00,2931.429653,2976.9,2897.0,2940.8,676926.0
2025-07-03 09:15:00,2936.114826,2956.9,2921.4,2938.725,459666.0
2025-07-04 09:15:00,2937.419913,2937.419913,2734.4,2820.1,2854583.0
2025-07-07 09:15:00,2878.759956,2878.759956,2701.8,2770.55,1395129.0
2025-07-08 09:15:00,2824.654978,2824.654978,2607.7,2720.525,3415921.0
2025-07-09 09:15:00,2772.589989,2772.589989,2695.0,2718.35,1150871.0
2025-07-10 09:15:00,2745.469994,2781.0,2715.0,2739.7,589061.0
2025-07-11 09:15:00,2742.584997,2757.0,2665.0,2704.225,752172.0
2025-07-14 09:15:00,2723.404998,2759.0,2646.8,2702.4,1194613.0
2025-07-15 09:15:00,2712.902499,2712.902499,2630.3,2668.3,892131.0
2025-07-16 09:15:00,2690.60125,2731.8,2660.8,2696.1,1250057.0
2025-07-17 09:15:00,2693.350625,2795.4,2693.350625,2747.425,3027394.0
2025-07-18 09:15:00,2720.387812,2739.0,2670.0,2706.5,738298.0
2025-07-21 09:15:00,2713.443906,2736.0,2677.1,2699.95,551539.0
2025-07-22 09:15:00,2706.696953,2852.0,2706.696953,2781.85,3433443.0
2025-07-23 09:15:00,2744.273476,2872.0,2744.273476,2826.375,1497960.0
2025-07-24 09:15:00,2785.324238,2850.0,2785.324238,2820.725,714875.0
2025-07-25 09:15:00,2803.024619,2803.024619,2712.0,2752.025,533016.0
2025-07-28 09:15:00,2777.52481,2777.52481,2601.0,2666.0,803786.0
2025-07-29 09:15:00,2721.762405,2721.762405,2580.0,2617.275,698116.0
2025-07-30 09:15:00,2669.518702,2669.518702,2601.0,2635.6,484678.0
2025-07-31 09:15:00,2652.559351,2652.559351,2589.0,2611.45,455411.0
2025-08-01 09:15:00,2632.004676,2632.004676,2562.0,2586.4,429035.0
2025-08-04 09:15:00,2609.202338,2634.9,2558.7,2599.8,422722.0
2025-08-05 09:15:00,2604.501169,2668.6,2552.0,2615.475,1020665.0
2025-08-06 09:15:00,2609.988084,2639.0,2542.4,2600.05,1180598.0
2025-08-07 09:15:00,2605.019042,2653.0,2576.0,2611.75,543383.0
2025-08-08 09:15:00,2608.384521,2652.7,2540.8,2597.725,537255.0
2025-08-11 09:15:00,2603.05476,2603.05476,2528.4,2547.8,499389.0
2025-08-12 09:15:00,2575.42738,2575.42738,2502.0,2530.4,479858.0
2025-08-13 09:15:00,2552.91369,2637.9,2519.0,2576.925,912332.0
2025-08-14 09:15:00,2564.919345,2673.4,2564.919345,2640.625,731823.0
2025-08-18 09:15:00,2602.772172,2736.8,2602.772172,2679.15,695745.0
2025-08-19 09:15:00,2640.961086,2690.9,2637.0,2670.175,454427.0
2025-08-20 09:15:00,2655.568043,2727.5,2647.1,2694.25,658250.0
2025-08-21 09:15:00,2674.909022,2735.0,2529.6,2630.8,2567524.0
2025-08-22 09:15:00,2652.854511,2652.854511,2508.2,2534.95,1200174.0
2025-08-25 09:15:00,2593.902256,2593.902256,2435.2,2486.775,1562966.0
2025-08-26 09:15:00,2540.338628,2540.338628,2332.6,2392.475,1673085.0
2025-08-28 09:15:00,2466.406814,2466.406814,2251.0,2300.0,1504243.0
2025-08-29 09:15:00,2383.203407,2383.203407,2198.4,2246.4,1577470.0
2025-09-01 09:15:00,2314.801704,2314.801704,2195.0,2240.9,1115501.0
2025-09-02 09:15:00,2277.850852,2324.1,2243.0,2282.625,983624.0
2025-09-03 09:15:00,2280.237926,2289.0,2251.0,2275.3,824181.0
2025-09-04 09:15:00,2277.768963,2340.0,2249.6,2286.425,686876.0
2025-09-05 09:15:00,2282.096982,2304.5,2252.8,2281.0,837315.0
2025-09-08 09:15:00,2281.548491,2349.0,2281.548491,2328.95,786620.0
2025-09-09 09:15:00,2305.249246,2356.0,2305.249246,2341.275,338579.0
2025-09-10 09:15:00,2323.262123,2375.0,2273.2,2333.7,814113.0
2025-09-11 09:15:00,2328.481062,2339.0,2208.2,2275.3,2185343.0
2025-09-12 09:15:00,2301.890531,2301.890531,2210.0,2228.325,999466.0
2025-09-15 09:15:00,2265.107766,2274.0,2212.6,2243.4,1432290.0
2025-09-16 09:15:00,2254.253883,2256.0,2215.0,2239.35,628221.0
2025-09-17 09:15:00,2246.801942,2266.0,2229.9,2246.1,599592.0
2025-09-18 09:15:00,2246.450971,2282.0,2246.450971,2264.175,508314.0
2025-09-19 09:15:00,2255.312986,2278.0,2235.0,2258.05,494144.0
2025-09-22 09:15:00,2256.681493,2265.0,2230.1,2250.775,371998.0
2025-09-23 09:15:00,2253.728246,2256.0,2182.1,2226.5,806750.0
2025-09-24 09:15:00,2240.114123,2267.2,2182.8,2220.1,616548.0
2025-09-25 09:15:00,2230.107062,2230.107062,2188.0,2201.975,548073.0
2025-09-26 09:15:00,2216.041031,2216.041031,2120.0,2161.85,647903.0
2025-09-29 09:15:00,2188.945516,2188.945516,2102.1,2129.375,1341520.0
2025-09-30 09:15:00,2159.160258,2159.160258,2101.0,2127.875,662023.0
2025-10-01 09:15:00,2143.517629,2182.9,2117.6,2153.5,518648.0
2025-10-03 09:15:00,2148.508814,2218.7,2148.508814,2194.2,429291.0
2025-10-06 09:15:00,2171.354407,2271.6,2171.354407,2230.125,1059917.0
2025-10-07 09:15:00,2200.739704,2309.0,2200.739704,2266.725,1137247.0
2025-10-08 09:15:00,2233.732352,2259.0,2210.2,2232.175,555881.0
2025-10-09 09:15:00,2232.953676,2279.0,2213.0,2245.4,723562.0
2025-10-10 09:15:00,2239.176838,2319.4,2239.176838,2285.05,1026736.0
2025-10-13 09:15:00,2262.113419,2366.0,2255.4,2312.85,1209214.0
2025-10-14 09:15:00,2287.48171,2435.0,2287.48171,2387.725,3116178.0
2025-10-15 09:15:00,2337.603355,2460.7,2337.603355,2423.45,1343403.0
2025-10-16 09:15:00,2380.526678,2530.3,2380.526678,2471.5,3242812.0
2025-10-17 09:15:00,2426.013339,2559.0,2426.013339,2496.075,1585685.0
2025-10-20 09:15:00,2461.04417,2525.0,2461.04417,2506.475,583078.0
2025-10-21 13:45:00,2483.759585,2513.8,2483.759585,2501.65,109769.0
2025-10-23 09:15:00,2492.704792,2533.4,2480.5,2507.7,525144.0
2025-10-24 09:15:00,2500.202396,2519.0,2486.5,2507.0,397482.0
2025-10-27 09:15:00,2503.601198,2585.1,2503.601198,2546.05,736854.0
2025-10-28 09:15:00,2524.825599,2588.0,2513.1,2554.75,535221.0
2025-10-29 09:15:00,2539.7878,2539.7878,2450.4,2493.725,716950.0
2025-10-30 09:15:00,2516.7564,2532.9,2495.1,2513.525,324753.0
2025-10-31 09:15:00,2515.1407,2536.0,2409.0,2487.625,1011363.0
2025-11-03 09:15:00,2501.38285,2569.8,2486.2,2528.05,623626.0
2025-11-04 09:15:00,2514.716425,2584.2,2509.9,2543.125,621997.0
2025-11-06 09:15:00,2528.920712,2559.8,2480.0,2514.075,721587.0
2025-11-07 09:15:00,2521.497856,2625.0,2446.0,2541.85,1865591.0
2025-11-10 09:15:00,2531.673928,2673.3,2531.673928,2625.425,1230066.0
2025-11-11 09:15:00,2578.549464,2656.9,2578.549464,2626.675,750372.0
2025-11-12 09:15:00,2602.612232,2710.0,2602.612232,2672.575,1783272.0
2025-11-13 09:15:00,2637.593616,2768.3,2637.593616,2707.05,1167192.0
2025-11-14 09:15:00,2672.321808,2757.0,2672.321808,2731.625,536041.0
2025-11-17 09:15:00,2701.973404,2864.9,2701.973404,2806.6,1513166.0
2025-11-18 09:15:00,2754.286702,2867.0,2754.286702,2821.1,744032.0
2025-11-19 09:15:00,2787.693351,2850.0,2779.0,2809.225,714090.0
2025-11-20 09:15:00,2798.459176,2850.0,2793.3,2817.875,700861.0
2025-11-21 09:15:00,2808.167088,2819.0,2741.0,2780.025,554218.0
2025-11-24 09:15:00,2794.096044,2794.096044,2673.9,2717.7,487775.0
2025-11-25 09:15:00,2755.898022,2755.898022,2661.0,2680.15,427865.0
2025-11-26 09:15:00,2718.024011,2760.0,2682.5,2721.5,456508.0
2025-11-27 09:15:00,2719.762006,2770.0,2719.762006,2756.725,444280.0
2025-11-28 09:15:00,2738.243503,2763.9,2676.0,2726.9,733603.0
2025-12-01 09:15:00,2732.571752,2776.0,2707.8,2739.05,658606.0
2025-12-02 09:15:00,2735.810876,2825.0,2735.810876,2784.7,1167875.0
2025-12-03 09:15:00,2760.255438,2775.0,2644.1,2716.075,2600046.0
2025-12-04 09:15:00,2738.165219,2738.165219,2618.0,2647.075,1042860.0
2025-12-05 09:15:00,2692.62011,2692.62011,2600.1,2629.225,511846.0
2025-12-08 09:15:00,2660.922555,2660.922555,2521.5,2586.275,662965.0
2025-12-09 09:15:00,2623.598778,2623.598778,2459.2,2516.525,506923.0
