Date,symbol,open,high,low,close,volume
2020-10-05 09:15:00,NSE:CAMS,1420.0,1489.0,1371.0,1401.4,638095.0
2020-10-06 09:15:00,NSE:CAMS,1410.0,1441.85,1401.25,1419.4,542590.0
2020-10-07 09:15:00,NSE:CAMS,1421.0,1423.65,1355.75,1381.45,283120.0
2020-10-08 09:15:00,NSE:CAMS,1385.0,1389.95,1325.2,1334.9,287037.0
2020-10-09 09:15:00,NSE:CAMS,1326.1,1371.2,1295.0,1336.8,617516.0
2020-10-12 09:15:00,NSE:CAMS,1342.0,1347.5,1305.75,1311.0,406274.0
2020-10-13 09:15:00,NSE:CAMS,1300.0,1328.0,1295.05,1309.2,177612.0
2020-10-14 09:15:00,NSE:CAMS,1308.0,1354.45,1308.0,1345.4,231987.0
2020-10-15 09:15:00,NSE:CAMS,1346.95,1360.55,1329.05,1332.25,152765.0
2020-10-16 09:15:00,NSE:CAMS,1328.0,1349.0,1325.85,1341.45,74694.0
2020-10-19 09:15:00,NSE:CAMS,1345.0,1350.0,1329.05,1340.6,73734.0
2020-10-20 09:15:00,NSE:CAMS,1335.0,1345.05,1330.0,1335.8,51810.0
2020-10-21 09:15:00,NSE:CAMS,1335.8,1354.0,1334.0,1337.4,76814.0
2020-10-22 09:15:00,NSE:CAMS,1332.0,1346.3,1320.0,1327.15,158798.0
2020-10-23 09:15:00,NSE:CAMS,1333.65,1373.7,1328.05,1352.45,143025.0
2020-10-26 09:15:00,NSE:CAMS,1345.0,1352.7,1325.0,1343.7,47806.0
2020-10-27 09:15:00,NSE:CAMS,1330.1,1344.95,1327.05,1335.45,224439.0
2020-10-28 09:15:00,NSE:CAMS,1332.05,1340.8,1294.8,1318.0,177457.0
2020-10-29 09:15:00,NSE:CAMS,1303.05,1314.9,1295.0,1299.6,286045.0
2020-10-30 09:15:00,NSE:CAMS,1301.95,1320.0,1293.0,1296.85,38536.0
2020-11-02 09:15:00,NSE:CAMS,1302.0,1320.0,1290.95,1299.1,194552.0
2020-11-03 09:15:00,NSE:CAMS,1302.0,1308.85,1261.5,1265.65,279604.0
2020-11-04 09:15:00,NSE:CAMS,1269.95,1288.3,1260.0,1267.45,159282.0
2020-11-05 09:15:00,NSE:CAMS,1275.0,1295.0,1267.4,1290.25,51937.0
2020-11-06 09:15:00,NSE:CAMS,1299.9,1299.9,1278.0,1280.0,201372.0
2020-11-09 09:15:00,NSE:CAMS,1289.65,1297.95,1278.0,1293.6,107173.0
2020-11-10 09:15:00,NSE:CAMS,1298.9,1298.95,1279.55,1291.7,225620.0
2020-11-11 09:15:00,NSE:CAMS,1296.0,1298.7,1275.0,1285.2,138462.0
2020-11-12 09:15:00,NSE:CAMS,1289.8,1319.0,1289.0,1305.35,245795.0
2020-11-13 09:15:00,NSE:CAMS,1304.95,1314.1,1299.0,1300.9,127037.0
2020-11-14 18:00:00,NSE:CAMS,1310.0,1313.0,1304.8,1310.9,18763.0
2020-11-17 09:15:00,NSE:CAMS,1315.95,1370.0,1315.95,1360.3,514752.0
2020-11-18 09:15:00,NSE:CAMS,1370.0,1376.9,1351.5,1357.0,159255.0
2020-11-19 09:15:00,NSE:CAMS,1359.0,1384.9,1344.05,1376.0,216180.0
2020-11-20 09:15:00,NSE:CAMS,1377.25,1399.5,1355.0,1388.85,244030.0
2020-11-23 09:15:00,NSE:CAMS,1399.95,1460.0,1390.0,1449.1,466959.0
2020-11-24 09:15:00,NSE:CAMS,1468.9,1471.4,1422.0,1438.45,155863.0
2020-11-25 09:15:00,NSE:CAMS,1440.0,1498.7,1428.45,1479.45,640300.0
2020-11-26 09:15:00,NSE:CAMS,1490.0,1490.0,1456.05,1479.55,153673.0
2020-11-27 09:15:00,NSE:CAMS,1478.9,1478.9,1436.65,1445.15,64131.0
2020-12-01 09:15:00,NSE:CAMS,1444.0,1471.0,1436.7,1450.35,110134.0
2020-12-02 09:15:00,NSE:CAMS,1450.0,1468.9,1425.65,1457.8,102564.0
2020-12-03 09:15:00,NSE:CAMS,1451.1,1467.95,1441.0,1445.6,48322.0
2020-12-04 09:15:00,NSE:CAMS,1452.0,1470.0,1441.65,1463.05,77127.0
2020-12-07 09:15:00,NSE:CAMS,1469.6,1480.0,1436.25,1455.2,201898.0
2020-12-08 09:15:00,NSE:CAMS,1460.0,1479.0,1457.15,1463.8,82535.0
2020-12-09 09:15:00,NSE:CAMS,1464.95,1485.0,1462.0,1470.35,313925.0
2020-12-10 09:15:00,NSE:CAMS,1470.35,1524.65,1458.25,1504.75,605787.0
2020-12-11 09:15:00,NSE:CAMS,1517.0,1524.0,1474.85,1499.1,146974.0
2020-12-14 09:15:00,NSE:CAMS,1505.55,1533.0,1490.0,1509.75,240597.0
2020-12-15 09:15:00,NSE:CAMS,1510.0,1518.0,1495.0,1509.4,152371.0
2020-12-16 09:15:00,NSE:CAMS,1509.0,1538.0,1495.05,1509.35,102512.0
2020-12-17 09:15:00,NSE:CAMS,1514.5,1532.6,1505.0,1509.5,68814.0
2020-12-18 09:15:00,NSE:CAMS,1510.7,1624.0,1495.05,1601.1,741937.0
2020-12-21 09:15:00,NSE:CAMS,1618.45,1752.0,1610.25,1687.85,1699343.0
2020-12-22 09:15:00,NSE:CAMS,1740.0,1740.0,1550.0,1676.9,619219.0
2020-12-23 09:15:00,NSE:CAMS,1694.0,1720.0,1654.0,1673.15,314154.0
2020-12-24 09:15:00,NSE:CAMS,1688.0,1733.5,1676.0,1695.1,257655.0
2020-12-28 09:15:00,NSE:CAMS,1704.0,1749.0,1680.05,1726.05,228668.0
2020-12-29 09:15:00,NSE:CAMS,1737.95,1865.0,1723.65,1835.75,823821.0
2020-12-30 09:15:00,NSE:CAMS,1888.0,1890.0,1752.45,1796.35,830410.0
2020-12-31 09:15:00,NSE:CAMS,1782.85,1839.0,1770.1,1805.7,391078.0
2021-01-01 09:15:00,NSE:CAMS,1791.0,1855.0,1752.0,1789.25,308193.0
2021-01-04 09:15:00,NSE:CAMS,1796.5,1849.9,1760.0,1825.45,297889.0
2021-01-05 09:15:00,NSE:CAMS,1810.0,1856.85,1790.0,1802.6,118804.0
2021-01-06 09:15:00,NSE:CAMS,1811.95,1822.05,1761.1,1783.9,101368.0
2021-01-07 09:15:00,NSE:CAMS,1800.1,1826.0,1768.0,1807.45,118012.0
2021-01-08 09:15:00,NSE:CAMS,1822.5,1823.0,1776.95,1786.95,75264.0
2021-01-11 09:15:00,NSE:CAMS,1794.65,1807.95,1781.0,1795.75,73679.0
2021-01-12 09:15:00,NSE:CAMS,1804.0,1828.0,1787.1,1802.65,164883.0
2021-01-13 09:15:00,NSE:CAMS,1817.95,1865.0,1796.05,1840.75,199541.0
2021-01-14 09:15:00,NSE:CAMS,1850.0,1854.0,1803.0,1811.45,49784.0
2021-01-15 09:15:00,NSE:CAMS,1815.0,1826.0,1800.0,1808.2,38152.0
2021-01-18 09:15:00,NSE:CAMS,1805.0,1830.0,1755.0,1811.65,81468.0
2021-01-19 09:15:00,NSE:CAMS,1820.0,1822.35,1801.0,1808.75,25430.0
2021-01-20 09:15:00,NSE:CAMS,1809.0,1818.0,1790.0,1794.6,28155.0
2021-01-21 09:15:00,NSE:CAMS,1809.75,1837.9,1779.15,1790.9,80497.0
2021-01-22 09:15:00,NSE:CAMS,1789.95,1811.65,1767.25,1780.5,42799.0
2021-01-25 09:15:00,NSE:CAMS,1795.0,1809.7,1764.05,1783.95,42983.0
2021-01-27 09:15:00,NSE:CAMS,1780.1,1805.0,1780.1,1798.15,48426.0
2021-01-28 09:15:00,NSE:CAMS,1785.1,1830.0,1785.0,1801.5,70587.0
2021-01-29 09:15:00,NSE:CAMS,1810.4,1836.0,1758.0,1776.75,110295.0
2021-02-01 09:15:00,NSE:CAMS,1780.0,1823.45,1770.1,1797.05,110133.0
2021-02-02 09:15:00,NSE:CAMS,1801.0,1821.95,1800.0,1809.55,44588.0
2021-02-03 09:15:00,NSE:CAMS,1815.0,1823.95,1803.7,1812.8,36467.0
2021-02-04 09:15:00,NSE:CAMS,1813.0,1919.0,1810.0,1855.95,210401.0
2021-02-05 09:15:00,NSE:CAMS,1864.95,1874.0,1811.15,1822.45,66705.0
2021-02-08 09:15:00,NSE:CAMS,1834.75,1870.45,1826.0,1853.5,267384.0
2021-02-09 09:15:00,NSE:CAMS,1866.5,1980.0,1855.0,1869.6,349201.0
2021-02-10 09:15:00,NSE:CAMS,1886.0,1946.6,1855.0,1873.1,242790.0
2021-02-11 09:15:00,NSE:CAMS,1879.95,2008.0,1879.95,1978.85,293161.0
2021-02-12 09:15:00,NSE:CAMS,2005.0,2023.3,1910.0,1930.35,194527.0
2021-02-15 09:15:00,NSE:CAMS,1952.75,1970.0,1900.0,1914.55,160252.0
2021-02-16 09:15:00,NSE:CAMS,1929.85,1933.65,1889.95,1902.5,106453.0
2021-02-17 09:15:00,NSE:CAMS,1899.9,1919.95,1880.9,1894.15,66659.0
2021-02-18 09:15:00,NSE:CAMS,1903.25,1914.0,1870.0,1883.15,72720.0
2021-02-19 09:15:00,NSE:CAMS,1883.15,1892.5,1810.0,1822.0,110825.0
2021-02-22 09:15:00,NSE:CAMS,1821.0,1821.0,1701.0,1717.4,274208.0
2021-02-23 09:15:00,NSE:CAMS,1730.95,1795.45,1730.95,1759.8,246882.0
2021-02-24 09:15:00,NSE:CAMS,1774.0,1806.0,1761.1,1802.4,31339.0
2021-02-25 09:15:00,NSE:CAMS,1813.0,1830.0,1800.0,1806.95,106348.0
2021-02-26 09:15:00,NSE:CAMS,1795.0,1853.95,1770.05,1825.5,99429.0
2021-03-01 09:15:00,NSE:CAMS,1840.0,1875.0,1820.05,1861.35,172938.0
2021-03-02 09:15:00,NSE:CAMS,1860.0,1916.0,1859.7,1896.5,138265.0
2021-03-03 09:15:00,NSE:CAMS,1865.0,1939.0,1865.0,1897.05,278465.0
2021-03-04 09:15:00,NSE:CAMS,1881.0,1925.65,1881.0,1902.15,68531.0
2021-03-05 09:15:00,NSE:CAMS,1904.95,1915.0,1885.55,1900.55,46402.0
2021-03-08 09:15:00,NSE:CAMS,1915.0,1928.95,1888.0,1897.2,93100.0
2021-03-09 09:15:00,NSE:CAMS,1900.0,1915.45,1840.0,1865.55,46054.0
2021-03-10 09:15:00,NSE:CAMS,1880.0,1880.5,1844.15,1848.05,34000.0
2021-03-12 09:15:00,NSE:CAMS,1860.0,1888.0,1828.1,1874.45,270024.0
2021-03-15 09:15:00,NSE:CAMS,1887.6,1896.45,1851.0,1862.7,39215.0
2021-03-16 09:15:00,NSE:CAMS,1870.0,1887.1,1855.0,1867.85,115601.0
2021-03-17 09:15:00,NSE:CAMS,1877.7,1888.5,1830.0,1850.55,80778.0
2021-03-18 09:15:00,NSE:CAMS,1865.0,1880.0,1835.6,1865.0,70737.0
2021-03-19 09:15:00,NSE:CAMS,1865.0,1872.0,1796.0,1847.75,54709.0
2021-03-22 09:15:00,NSE:CAMS,1862.0,1893.0,1832.4,1865.85,105102.0
2021-03-23 09:15:00,NSE:CAMS,1876.0,1894.8,1851.0,1880.65,107830.0
2021-03-24 09:15:00,NSE:CAMS,1878.0,1878.0,1830.6,1841.8,28809.0
2021-03-25 09:15:00,NSE:CAMS,1850.95,1855.0,1757.9,1777.5,120258.0
2021-03-26 09:15:00,NSE:CAMS,1789.95,1795.0,1741.5,1768.8,66357.0
2021-03-30 09:15:00,NSE:CAMS,1790.0,1850.0,1776.2,1814.65,110433.0
2021-03-31 09:15:00,NSE:CAMS,1809.0,1854.9,1792.05,1846.4,93876.0
2021-04-01 09:15:00,NSE:CAMS,1865.0,1867.9,1828.0,1836.5,34863.0
2021-04-05 09:15:00,NSE:CAMS,1840.0,1854.85,1817.3,1830.3,36682.0
2021-04-06 09:15:00,NSE:CAMS,1835.0,1835.0,1804.6,1820.45,57850.0
2021-04-07 09:15:00,NSE:CAMS,1820.0,1828.0,1796.0,1817.75,44976.0
2021-04-08 09:15:00,NSE:CAMS,1812.9,1874.8,1812.9,1854.6,83273.0
2021-04-09 09:15:00,NSE:CAMS,1860.0,1890.0,1825.2,1838.25,63200.0
2021-04-12 09:15:00,NSE:CAMS,1835.0,1835.0,1771.5,1797.5,71001.0
2021-04-13 09:15:00,NSE:CAMS,1795.0,1815.7,1780.0,1792.95,53712.0
2021-04-15 09:15:00,NSE:CAMS,1782.0,1865.0,1782.0,1854.3,71494.0
2021-04-16 09:15:00,NSE:CAMS,1865.0,2100.0,1855.35,2066.95,798764.0
2021-04-19 09:15:00,NSE:CAMS,2010.0,2158.0,1966.95,2030.65,641485.0
2021-04-20 09:15:00,NSE:CAMS,2040.0,2159.25,2037.0,2134.6001,259253.0
2021-04-22 09:15:00,NSE:CAMS,2159.0,2197.0,2096.0,2116.1499,164492.0
2021-04-23 09:15:00,NSE:CAMS,2122.0,2142.6499,2078.0,2096.05,62897.0
2021-04-26 09:15:00,NSE:CAMS,2135.05,2228.95,2105.0,2164.3999,187543.0
2021-04-27 09:15:00,NSE:CAMS,2181.75,2335.0,2176.05,2282.8501,283376.0
2021-04-28 09:15:00,NSE:CAMS,2349.0,2412.95,2331.0,2372.2,365484.0
2021-04-29 09:15:00,NSE:CAMS,2393.8999,2429.3,2351.3501,2368.05,135109.0
2021-04-30 09:15:00,NSE:CAMS,2362.0,2362.0,2113.95,2323.25,98934.0
2021-05-03 09:15:00,NSE:CAMS,2323.25,2387.6001,2294.0,2313.5,102267.0
2021-05-04 09:15:00,NSE:CAMS,2320.0,2355.5,2233.0,2251.05,124484.0
2021-05-05 09:15:00,NSE:CAMS,2250.0,2298.0,2211.1001,2244.5,78635.0
2021-05-06 09:15:00,NSE:CAMS,2264.0,2283.6001,2202.0,2209.5,64896.0
2021-05-07 09:15:00,NSE:CAMS,2219.5,2249.0,2200.0,2207.3999,95184.0
2021-05-10 09:15:00,NSE:CAMS,2240.0,2428.0,2211.6499,2359.45,369608.0
2021-05-11 09:15:00,NSE:CAMS,2340.0,2398.0,2310.0,2328.1001,185347.0
2021-05-12 09:15:00,NSE:CAMS,2330.0,2394.45,2330.0,2358.3501,116293.0
2021-05-14 09:15:00,NSE:CAMS,2385.0,2385.0,2248.05,2275.8501,125345.0
2021-05-17 09:15:00,NSE:CAMS,2301.6001,2325.0,2265.8501,2283.55,92537.0
2021-05-18 09:15:00,NSE:CAMS,2290.0,2335.3501,2275.6001,2323.55,116353.0
2021-05-19 09:15:00,NSE:CAMS,2320.0,2322.3999,2280.1499,2315.6001,89114.0
2021-05-20 09:15:00,NSE:CAMS,2319.0,2344.95,2296.1499,2331.25,94211.0
2021-05-21 09:15:00,NSE:CAMS,2341.0,2525.25,2340.0,2412.05,476728.0
2021-05-24 09:15:00,NSE:CAMS,2448.0,2573.0,2447.95,2536.3501,399526.0
2021-05-25 09:15:00,NSE:CAMS,2589.0,2618.8999,2435.2,2462.1001,324002.0
2021-05-26 09:15:00,NSE:CAMS,2465.0,2524.0,2401.3501,2422.75,282082.0
2021-05-27 09:15:00,NSE:CAMS,2455.0,2594.8,2400.0,2419.3999,974042.0
2021-05-28 09:15:00,NSE:CAMS,2442.8,2525.0,2441.0,2509.3501,283933.0
2021-05-31 09:15:00,NSE:CAMS,2519.8999,2584.0,2492.25,2501.8999,177534.0
2021-06-01 09:15:00,NSE:CAMS,2528.7,2537.8,2491.0,2509.55,118136.0
2021-06-02 09:15:00,NSE:CAMS,2500.1001,2534.3501,2491.0,2516.3999,115243.0
2021-06-03 09:15:00,NSE:CAMS,2533.8,2533.8,2500.0,2511.6001,95592.0
2021-06-04 09:15:00,NSE:CAMS,2530.0,2566.5,2524.8,2533.0,131885.0
2021-06-07 09:15:00,NSE:CAMS,2558.0,2793.0,2550.1001,2751.05,421910.0
2021-06-08 09:15:00,NSE:CAMS,2775.0,2775.95,2668.0,2694.3501,231842.0
2021-06-09 09:15:00,NSE:CAMS,2709.0,2725.0,2651.0,2682.05,145762.0
2021-06-10 09:15:00,NSE:CAMS,2693.8,2755.0,2662.6001,2692.25,157487.0
2021-06-11 09:15:00,NSE:CAMS,2720.0,2945.0,2701.0,2784.55,943079.0
2021-06-14 09:15:00,NSE:CAMS,2804.8999,2860.0,2725.5,2843.7,278036.0
2021-06-15 09:15:00,NSE:CAMS,2865.0,2875.5,2813.0,2853.7,186663.0
2021-06-16 09:15:00,NSE:CAMS,2857.0,2883.6499,2822.0,2869.25,118563.0
2021-06-17 09:15:00,NSE:CAMS,2841.0,2860.0,2825.7,2842.7,84971.0
2021-06-18 09:15:00,NSE:CAMS,2857.95,2860.0,2706.2,2781.3999,564482.0
2021-06-21 09:15:00,NSE:CAMS,2770.0,2859.8999,2760.05,2796.1499,132488.0
2021-06-22 09:15:00,NSE:CAMS,2814.0,2835.3999,2746.0,2753.8999,163657.0
2021-06-23 09:15:00,NSE:CAMS,2774.0,2799.0,2740.0,2788.3501,86714.0
2021-06-24 09:15:00,NSE:CAMS,2786.0,2793.0,2760.0,2777.3,47018.0
2021-06-25 09:15:00,NSE:CAMS,2777.0,2794.8,2743.55,2773.3,68877.0
2021-06-28 09:15:00,NSE:CAMS,2785.05,2833.7,2780.1499,2790.45,104667.0
2021-06-29 09:15:00,NSE:CAMS,2789.0,2804.1001,2750.0,2757.75,70397.0
2021-06-30 09:15:00,NSE:CAMS,2770.0,2808.0,2765.0,2792.3999,96875.0
2021-07-01 09:15:00,NSE:CAMS,2800.0,2807.1001,2771.05,2781.95,45653.0
2021-07-02 09:15:00,NSE:CAMS,2783.8,2884.95,2762.6001,2870.3501,304563.0
2021-07-05 09:15:00,NSE:CAMS,2930.0,2960.0,2821.3501,2839.3501,174306.0
2021-07-06 09:15:00,NSE:CAMS,2846.0,3073.05,2825.45,3011.7,407131.0
2021-07-07 09:15:00,NSE:CAMS,3014.0,3014.0,2930.0,2938.8501,169822.0
2021-07-08 09:15:00,NSE:CAMS,2938.0,2996.95,2914.3,2928.2,132449.0
2021-07-09 09:15:00,NSE:CAMS,2920.0,2927.75,2862.0,2879.2,168154.0
2021-07-12 09:15:00,NSE:CAMS,2889.0,2910.0,2853.0,2863.7,294074.0
2021-07-13 09:15:00,NSE:CAMS,2866.0,3048.0,2855.0,3011.3999,666143.0
2021-07-14 09:15:00,NSE:CAMS,2997.0,3600.0,2964.55,3455.95,1910213.0
2021-07-15 09:15:00,NSE:CAMS,3504.0,3740.6499,3314.0,3354.75,2306107.0
2021-07-16 09:15:00,NSE:CAMS,3399.0,3590.0,3390.0,3433.95,1231516.0
2021-07-19 09:15:00,NSE:CAMS,3413.0,3530.0,3348.05,3446.5,626795.0
2021-07-20 09:15:00,NSE:CAMS,3475.0,3525.0,3402.6499,3419.8,250007.0
2021-07-22 09:15:00,NSE:CAMS,3465.0,3499.0,3350.1001,3364.3999,186965.0
2021-07-23 09:15:00,NSE:CAMS,3368.0,3398.2,3277.25,3310.3,164076.0
2021-07-26 09:15:00,NSE:CAMS,3310.0,3310.0,3182.5,3194.5,262944.0
2021-07-27 09:15:00,NSE:CAMS,3223.3999,3325.0,3201.6001,3226.6499,262041.0
2021-07-28 09:15:00,NSE:CAMS,3237.0,3280.45,3136.55,3169.3,179599.0
2021-07-29 09:15:00,NSE:CAMS,3200.0,3316.0,3180.05,3290.55,303864.0
2021-07-30 09:15:00,NSE:CAMS,3300.0,3375.0,3263.6499,3340.75,208165.0
2021-08-02 09:15:00,NSE:CAMS,3378.0,3527.7,3350.0,3497.3501,450748.0
2021-08-03 09:15:00,NSE:CAMS,3519.0,3545.0,3465.05,3489.45,173987.0
2021-08-04 09:15:00,NSE:CAMS,3510.0,3512.05,3441.0,3465.2,116198.0
2021-08-05 09:15:00,NSE:CAMS,3478.5,3479.45,3390.5,3402.75,125788.0
2021-08-06 09:15:00,NSE:CAMS,3380.0,3391.0,3275.0,3282.55,209038.0
2021-08-09 09:15:00,NSE:CAMS,3310.0,3366.0,3220.0,3245.1001,197214.0
2021-08-10 09:15:00,NSE:CAMS,3268.5,3329.5,2801.0,3199.3999,867475.0
2021-08-11 09:15:00,NSE:CAMS,3240.0,3300.0,3034.5,3108.8,522113.0
2021-08-12 09:15:00,NSE:CAMS,3137.8,3166.0,3055.0,3072.95,296987.0
2021-08-13 09:15:00,NSE:CAMS,3111.6001,3148.6001,3075.0,3127.6499,225314.0
2021-08-16 09:15:00,NSE:CAMS,3150.0,3260.0,3146.8,3238.25,382437.0
2021-08-17 09:15:00,NSE:CAMS,3240.5,3278.95,3152.8999,3200.7,343003.0
2021-08-18 09:15:00,NSE:CAMS,3226.75,3268.7,3210.45,3233.55,153012.0
2021-08-20 09:15:00,NSE:CAMS,3230.0,3230.0,3154.0,3181.3999,92323.0
2021-08-23 09:15:00,NSE:CAMS,3190.0,3211.95,3042.0,3074.75,220373.0
2021-08-24 09:15:00,NSE:CAMS,3099.8999,3210.0,3079.0,3183.95,160416.0
2021-08-25 09:15:00,NSE:CAMS,3205.0,3225.6001,3159.95,3193.2,115048.0
2021-08-26 09:15:00,NSE:CAMS,3208.8,3270.0,3159.95,3243.3,250563.0
2021-08-27 09:15:00,NSE:CAMS,3289.0,3539.8999,3289.0,3435.05,1377299.0
2021-08-30 09:15:00,NSE:CAMS,3492.7,3600.0,3485.1499,3588.1001,501603.0
2021-08-31 09:15:00,NSE:CAMS,3588.1001,3939.8999,3515.0,3816.75,839485.0
2021-09-01 09:15:00,NSE:CAMS,3921.0,4067.3999,3888.8501,3960.45,839931.0
2021-09-02 09:15:00,NSE:CAMS,3975.0,3977.8501,3790.0,3806.55,396225.0
2021-09-03 09:15:00,NSE:CAMS,3818.8,3839.6499,3710.0,3725.3501,378965.0
2021-09-06 09:15:00,NSE:CAMS,3750.0,3839.6499,3745.0,3774.6499,200079.0
2021-09-07 09:15:00,NSE:CAMS,3792.8999,3798.0,3720.1499,3736.2,128222.0
2021-09-08 09:15:00,NSE:CAMS,3745.0,3764.8,3680.0,3703.7,190577.0
2021-09-09 09:15:00,NSE:CAMS,3703.7,3716.75,3667.95,3688.2,197245.0
2021-09-13 09:15:00,NSE:CAMS,3691.95,3691.95,3590.8,3603.6499,275539.0
2021-09-14 09:15:00,NSE:CAMS,3624.0,3674.0,3600.0,3608.5,227624.0
2021-09-15 09:15:00,NSE:CAMS,3618.95,3620.0,3572.0,3606.5,150175.0
2021-09-16 09:15:00,NSE:CAMS,3622.8999,3628.8999,3600.8999,3611.5,135194.0
2021-09-17 09:15:00,NSE:CAMS,3627.0,3639.8,3592.2,3609.95,260433.0
2021-09-20 09:15:00,NSE:CAMS,3608.0,3738.55,3540.0,3557.3999,306475.0
2021-09-21 09:15:00,NSE:CAMS,3559.6001,3570.0,3392.8501,3431.1001,389416.0
2021-09-22 09:15:00,NSE:CAMS,3464.0,3487.6499,3400.55,3433.1499,247761.0
2021-09-23 09:15:00,NSE:CAMS,3468.0,3503.8,3393.05,3405.3501,303259.0
2021-09-24 09:15:00,NSE:CAMS,3442.25,3464.3999,3366.1499,3372.8501,199385.0
2021-09-27 09:15:00,NSE:CAMS,3408.0,3414.95,3250.0,3256.7,523822.0
2021-09-28 09:15:00,NSE:CAMS,3284.0,3494.8,3272.1001,3455.2,1112135.0
2021-09-29 09:15:00,NSE:CAMS,3400.0,3400.0,3111.0,3134.6499,1938275.0
2021-09-30 09:15:00,NSE:CAMS,3135.0,3209.0,3020.0,3034.55,1385793.0
2021-10-01 09:15:00,NSE:CAMS,3040.0,3085.0,2975.0,2985.6001,1076811.0
2021-10-04 09:15:00,NSE:CAMS,3039.8999,3160.0,3026.0,3131.25,928556.0
2021-10-05 09:15:00,NSE:CAMS,3154.0,3170.2,3100.0,3107.1499,569386.0
2021-10-06 09:15:00,NSE:CAMS,3140.0,3169.8999,3083.25,3117.6001,400282.0
2021-10-07 09:15:00,NSE:CAMS,3145.0,3145.0,3092.1499,3108.05,221699.0
2021-10-08 09:15:00,NSE:CAMS,3110.0,3211.25,3049.6499,3123.5,461953.0
2021-10-11 09:15:00,NSE:CAMS,3150.0,3179.8999,3127.0,3133.6001,215584.0
2021-10-12 09:15:00,NSE:CAMS,3132.6001,3160.8501,3098.3,3116.3,175973.0
2021-10-13 09:15:00,NSE:CAMS,3125.0,3130.0,3075.1499,3081.8501,219883.0
2021-10-14 09:15:00,NSE:CAMS,3099.0,3099.0,3054.25,3060.6499,220403.0
2021-10-18 09:15:00,NSE:CAMS,3095.0,3140.0,3070.0,3094.5,243399.0
2021-10-19 09:15:00,NSE:CAMS,3100.0,3135.0,3070.0,3085.8,215014.0
2021-10-20 09:15:00,NSE:CAMS,3117.7,3134.0,3016.25,3094.05,291728.0
2021-10-21 09:15:00,NSE:CAMS,3090.0,3094.0,3022.0,3071.8,220740.0
2021-10-22 09:15:00,NSE:CAMS,3075.0,3102.3501,3047.6001,3074.6499,162705.0
2021-10-25 09:15:00,NSE:CAMS,3085.0,3087.6499,2900.0,2932.3,314724.0
2021-10-26 09:15:00,NSE:CAMS,2930.0,3024.0,2911.45,3016.1499,108059.0
2021-10-27 09:15:00,NSE:CAMS,3038.0,3065.0,3005.0,3013.75,164665.0
2021-10-28 09:15:00,NSE:CAMS,3004.95,3050.0,2990.2,3017.8501,148850.0
2021-10-29 09:15:00,NSE:CAMS,3009.0,3032.1499,2926.7,3012.1001,96598.0
2021-11-01 09:15:00,NSE:CAMS,3012.1001,3053.0,2970.0,2984.7,333264.0
2021-11-02 09:15:00,NSE:CAMS,2975.0,3030.05,2963.3999,2971.5,150849.0
2021-11-03 09:15:00,NSE:CAMS,2971.5,2989.8,2945.0,2962.55,137229.0
2021-11-04 18:00:00,NSE:CAMS,2989.6499,3043.0,2982.1499,3032.3501,40352.0
2021-11-08 09:15:00,NSE:CAMS,3085.0,3095.3999,3010.0,3017.05,196699.0
2021-11-09 09:15:00,NSE:CAMS,3049.0,3049.0,2990.0,2999.8999,146993.0
2021-11-10 09:15:00,NSE:CAMS,2998.0,3025.8999,2993.3999,2999.3501,61952.0
2021-11-11 09:15:00,NSE:CAMS,3018.8501,3019.0,2986.0,2999.45,126277.0
2021-11-12 09:15:00,NSE:CAMS,3020.0,3023.0,2989.0,2997.05,93971.0
2021-11-15 09:15:00,NSE:CAMS,3028.0,3050.0,2991.05,3000.3,262308.0
2021-11-16 09:15:00,NSE:CAMS,3035.0,3174.8,3017.3999,3158.1001,603493.0
2021-11-17 09:15:00,NSE:CAMS,3198.0,3250.0,3135.0,3143.7,513448.0
2021-11-18 09:15:00,NSE:CAMS,3154.0,3170.0,3028.6499,3051.75,225694.0
2021-11-22 09:15:00,NSE:CAMS,3062.55,3062.55,2933.1499,2977.8,169848.0
2021-11-23 09:15:00,NSE:CAMS,2955.1001,3075.0,2940.2,3062.5,92731.0
2021-11-24 09:15:00,NSE:CAMS,3076.0,3077.8501,3005.0,3038.75,130625.0
2021-11-25 09:15:00,NSE:CAMS,3040.0,3140.3999,3010.0,3087.05,163732.0
2021-11-26 09:15:00,NSE:CAMS,3060.0,3114.7,3028.05,3055.05,220444.0
2021-11-29 09:15:00,NSE:CAMS,2974.2,3050.0,2884.0,3026.8999,147920.0
2021-11-30 09:15:00,NSE:CAMS,3058.0,3100.0,3000.0,3077.5,243415.0
2021-12-01 09:15:00,NSE:CAMS,3035.7,3100.0,3035.0,3043.95,132095.0
2021-12-02 09:15:00,NSE:CAMS,3050.0,3058.7,2972.1001,2975.05,240920.0
2021-12-03 09:15:00,NSE:CAMS,2994.0,3004.95,2932.0,2942.1499,242031.0
2021-12-06 09:15:00,NSE:CAMS,2969.95,2969.95,2910.0,2921.8501,162281.0
2021-12-07 09:15:00,NSE:CAMS,2930.0,2944.8501,2892.6499,2907.8501,153734.0
2021-12-08 09:15:00,NSE:CAMS,2929.6001,2952.1001,2902.25,2911.95,135847.0
2021-12-09 09:15:00,NSE:CAMS,2924.8999,2977.3501,2915.0,2921.75,104966.0
2021-12-10 09:15:00,NSE:CAMS,2928.95,2933.3999,2895.0,2898.75,124760.0
2021-12-13 09:15:00,NSE:CAMS,2775.0,2849.0,2690.0,2745.8999,4611975.0
2021-12-14 09:15:00,NSE:CAMS,2745.8999,2788.7,2732.3,2767.7,512124.0
2021-12-15 09:15:00,NSE:CAMS,2789.7,2799.0,2750.0,2783.5,218668.0
2021-12-16 09:15:00,NSE:CAMS,2804.7,2818.8999,2686.3,2710.3,307122.0
2021-12-17 09:15:00,NSE:CAMS,2738.8501,2738.8501,2614.0,2649.7,302136.0
2021-12-20 09:15:00,NSE:CAMS,2610.0,2639.95,2560.05,2617.2,280359.0
2021-12-21 09:15:00,NSE:CAMS,2647.0,2675.0,2597.0,2617.95,180297.0
2021-12-22 09:15:00,NSE:CAMS,2649.0,2649.0,2594.3999,2604.6001,117463.0
2021-12-23 09:15:00,NSE:CAMS,2614.8999,2635.6499,2592.1499,2595.2,100338.0
2021-12-24 09:15:00,NSE:CAMS,2619.8501,2619.8501,2572.8,2588.3501,85691.0
2021-12-27 09:15:00,NSE:CAMS,2588.0,2626.95,2563.95,2595.2,110531.0
2021-12-28 09:15:00,NSE:CAMS,2615.0,2620.8,2595.0,2597.95,95076.0
2021-12-29 09:15:00,NSE:CAMS,2600.95,2648.0,2600.95,2635.3999,136467.0
2021-12-30 09:15:00,NSE:CAMS,2642.0,2651.75,2616.8,2638.8501,107137.0
2021-12-31 09:15:00,NSE:CAMS,2640.0,2674.8999,2640.0,2666.1001,98800.0
2022-01-03 09:15:00,NSE:CAMS,2684.0,2750.0,2672.0,2737.7,149106.0
2022-01-04 09:15:00,NSE:CAMS,2760.0,2764.8501,2717.2,2738.8999,103358.0
2022-01-05 09:15:00,NSE:CAMS,2738.8999,2874.8999,2738.8999,2831.6001,378632.0
2022-01-06 09:15:00,NSE:CAMS,2833.0,2833.25,2775.0,2783.45,119786.0
2022-01-07 09:15:00,NSE:CAMS,2803.0,2838.45,2785.05,2806.8999,113949.0
2022-01-10 09:15:00,NSE:CAMS,2819.0,2824.0,2787.05,2809.05,96907.0
2022-01-11 09:15:00,NSE:CAMS,2818.8,2848.0,2793.75,2817.95,105868.0
2022-01-12 09:15:00,NSE:CAMS,2831.0,2866.0,2817.95,2849.0,110247.0
2022-01-13 09:15:00,NSE:CAMS,2868.0,2958.0,2852.1499,2925.2,313589.0
2022-01-14 09:15:00,NSE:CAMS,2933.75,2969.95,2910.75,2945.3,145503.0
2022-01-17 09:15:00,NSE:CAMS,2971.5,2971.5,2931.0,2949.6001,135402.0
2022-01-18 09:15:00,NSE:CAMS,2951.0,2955.0,2862.0,2880.5,247317.0
2022-01-19 09:15:00,NSE:CAMS,2862.5,2876.05,2830.0,2866.95,83374.0
2022-01-20 09:15:00,NSE:CAMS,2880.0,2885.0,2825.0,2840.95,44545.0
2022-01-21 09:15:00,NSE:CAMS,2839.0,2839.0,2703.0,2712.8501,263055.0
2022-01-24 09:15:00,NSE:CAMS,2711.0,2712.8501,2616.95,2652.3501,202472.0
2022-01-25 09:15:00,NSE:CAMS,2625.0,2638.7,2572.8501,2621.1001,335776.0
2022-01-27 09:15:00,NSE:CAMS,2600.0,2657.3501,2551.25,2641.2,216233.0
2022-01-28 09:15:00,NSE:CAMS,2685.0,2735.0,2670.0,2684.75,97165.0
2022-01-31 09:15:00,NSE:CAMS,2718.7,2746.8501,2661.3501,2697.3501,107385.0
2022-02-01 09:15:00,NSE:CAMS,2727.6499,2784.95,2688.6001,2765.2,118740.0
2022-02-02 09:15:00,NSE:CAMS,2780.0,2948.0,2770.0,2901.8999,349531.0
2022-02-03 09:15:00,NSE:CAMS,2938.0,2938.8999,2890.0,2897.8501,280073.0
2022-02-04 09:15:00,NSE:CAMS,2880.0,2889.8501,2802.8,2817.2,114294.0
2022-02-07 09:15:00,NSE:CAMS,2817.0,2817.0,2745.45,2796.95,85043.0
2022-02-08 09:15:00,NSE:CAMS,2796.95,2830.0,2681.2,2709.3501,142729.0
2022-02-09 09:15:00,NSE:CAMS,2738.0,2738.0,2636.3,2658.8,228957.0
2022-02-10 09:15:00,NSE:CAMS,2680.0,2707.95,2580.0,2598.3501,433245.0
2022-02-11 09:15:00,NSE:CAMS,2598.3501,2618.05,2520.0,2529.3501,378618.0
2022-02-14 09:15:00,NSE:CAMS,2473.0,2499.8999,2386.8999,2442.8501,467068.0
2022-02-15 09:15:00,NSE:CAMS,2498.45,2514.6001,2389.0,2428.1499,386959.0
2022-02-16 09:15:00,NSE:CAMS,2465.6499,2588.0,2436.05,2564.25,478651.0
2022-02-17 09:15:00,NSE:CAMS,2567.0,2589.0,2482.0,2493.3501,161337.0
2022-02-18 09:15:00,NSE:CAMS,2464.0,2477.1499,2436.0,2445.3,87849.0
2022-02-21 09:15:00,NSE:CAMS,2430.0,2440.0,2391.0,2417.7,241708.0
2022-02-22 09:15:00,NSE:CAMS,2360.0,2384.6499,2320.0,2339.45,242904.0
2022-02-23 09:15:00,NSE:CAMS,2352.0,2399.95,2301.3,2312.1499,190353.0
2022-02-24 09:15:00,NSE:CAMS,2280.0,2369.0,2230.0,2284.1499,537242.0
2022-02-25 09:15:00,NSE:CAMS,2369.0,2374.7,2326.05,2358.3501,177604.0
2022-02-28 09:15:00,NSE:CAMS,2358.3501,2499.8999,2308.0,2494.3,373035.0
2022-03-02 09:15:00,NSE:CAMS,2488.0,2547.95,2420.8501,2448.75,219189.0
2022-03-03 09:15:00,NSE:CAMS,2495.0,2522.8,2462.05,2497.3999,149104.0
2022-03-04 09:15:00,NSE:CAMS,2487.0,2498.8999,2400.0,2414.6499,184810.0
2022-03-07 09:15:00,NSE:CAMS,2345.0,2418.45,2340.25,2387.8999,153229.0
2022-03-08 09:15:00,NSE:CAMS,2396.95,2416.0,2361.1499,2385.2,133304.0
2022-03-09 09:15:00,NSE:CAMS,2448.8999,2459.95,2407.2,2427.6499,122559.0
2022-03-10 09:15:00,NSE:CAMS,2498.0,2527.6499,2441.0,2455.8,250602.0
2022-03-11 09:15:00,NSE:CAMS,2472.6001,2524.8,2452.8999,2494.1499,252428.0
2022-03-14 09:15:00,NSE:CAMS,2515.0,2519.75,2430.0,2453.95,169731.0
2022-03-15 09:15:00,NSE:CAMS,2470.0,2484.1001,2380.0,2407.6499,173915.0
2022-03-16 09:15:00,NSE:CAMS,2448.8999,2448.8999,2370.0,2380.6499,225018.0
2022-03-17 09:15:00,NSE:CAMS,2420.0,2424.55,2350.0,2373.3501,873155.0
2022-03-21 09:15:00,NSE:CAMS,2420.0,2420.0,2380.0,2394.25,235357.0
2022-03-22 09:15:00,NSE:CAMS,2408.0,2408.0,2370.0,2374.8,171377.0
2022-03-23 09:15:00,NSE:CAMS,2391.0,2435.0,2383.8501,2387.8501,191979.0
2022-03-24 09:15:00,NSE:CAMS,2379.2,2402.0,2370.0,2380.8501,155440.0
2022-03-25 09:15:00,NSE:CAMS,2389.95,2400.0,2352.0,2361.55,134930.0
2022-03-28 09:15:00,NSE:CAMS,2366.95,2371.2,2328.75,2336.5,167517.0
2022-03-29 09:15:00,NSE:CAMS,2345.3999,2357.95,2292.0,2313.45,244987.0
2022-03-30 09:15:00,NSE:CAMS,2320.0,2359.75,2311.0,2326.8501,203866.0
2022-03-31 09:15:00,NSE:CAMS,2327.7,2371.0,2310.0,2315.8501,136807.0
2022-04-01 09:15:00,NSE:CAMS,2320.8,2436.3,2320.8,2417.7,212794.0
2022-04-04 09:15:00,NSE:CAMS,2435.0,2485.2,2425.1001,2472.75,144450.0
2022-04-05 09:15:00,NSE:CAMS,2488.95,2624.8,2481.8999,2574.45,379036.0
2022-04-06 09:15:00,NSE:CAMS,2569.7,2599.95,2540.5,2565.3501,114561.0
2022-04-07 09:15:00,NSE:CAMS,2568.8999,2580.8999,2502.0,2511.8,105378.0
2022-04-08 09:15:00,NSE:CAMS,2518.0,2565.0,2481.1499,2517.1499,136930.0
2022-04-11 09:15:00,NSE:CAMS,2517.1499,2558.0,2495.0,2517.05,125504.0
2022-04-12 09:15:00,NSE:CAMS,2517.05,2517.05,2462.0,2499.7,87151.0
2022-04-13 09:15:00,NSE:CAMS,2505.0,2619.3999,2499.8501,2553.8501,274406.0
2022-04-18 09:15:00,NSE:CAMS,2550.0,2609.3999,2530.0,2571.1001,213735.0
2022-04-19 09:15:00,NSE:CAMS,2578.3999,2615.0,2541.0,2563.75,133448.0
2022-04-20 09:15:00,NSE:CAMS,2570.8999,2585.0,2539.0,2553.3501,68067.0
2022-04-21 09:15:00,NSE:CAMS,2553.3501,2682.75,2553.3501,2590.75,220755.0
2022-04-22 09:15:00,NSE:CAMS,2583.0,2640.0,2555.1499,2625.3,171956.0
2022-04-25 09:15:00,NSE:CAMS,2612.0,2638.0,2561.0,2598.1499,212442.0
2022-04-26 09:15:00,NSE:CAMS,2604.8,2620.0,2570.0,2577.25,144045.0
2022-04-27 09:15:00,NSE:CAMS,2568.0,2568.0,2511.05,2528.95,77450.0
2022-04-28 09:15:00,NSE:CAMS,2552.8999,2555.0,2490.0,2516.2,77372.0
2022-04-29 09:15:00,NSE:CAMS,2528.0,2537.5,2462.5,2478.3999,96921.0
2022-05-02 09:15:00,NSE:CAMS,2456.3501,2476.8,2428.0,2439.6499,63180.0
2022-05-04 09:15:00,NSE:CAMS,2439.0,2464.8501,2399.8,2406.0,77601.0
2022-05-05 09:15:00,NSE:CAMS,2434.95,2489.0,2354.2,2421.2,252847.0
2022-05-06 09:15:00,NSE:CAMS,2350.0,2410.05,2347.0,2398.2,128930.0
2022-05-09 09:15:00,NSE:CAMS,2360.0,2390.0,2320.8,2361.2,130769.0
2022-05-10 09:15:00,NSE:CAMS,2366.3501,2397.75,2277.0,2292.7,129907.0
2022-05-11 09:15:00,NSE:CAMS,2299.0,2319.3,2242.0,2269.05,128582.0
2022-05-12 09:15:00,NSE:CAMS,2265.0,2265.0,2192.0,2197.6001,150235.0
2022-05-13 09:15:00,NSE:CAMS,2230.0,2232.0,2140.0,2150.0,226743.0
2022-05-16 09:15:00,NSE:CAMS,2190.05,2190.05,2114.0,2160.1001,115884.0
2022-05-17 09:15:00,NSE:CAMS,2179.0,2200.0,2169.6001,2195.95,104586.0
2022-05-18 09:15:00,NSE:CAMS,2222.7,2234.0,2160.0,2171.05,80625.0
2022-05-19 09:15:00,NSE:CAMS,2150.0,2175.0,2103.05,2145.05,78216.0
2022-05-20 09:15:00,NSE:CAMS,2197.6001,2260.6499,2171.3501,2251.3,108533.0
2022-05-23 09:15:00,NSE:CAMS,2256.0,2277.6499,2185.05,2193.2,192889.0
2022-05-24 09:15:00,NSE:CAMS,2219.8,2229.0,2175.0,2193.75,210030.0
2022-05-25 09:15:00,NSE:CAMS,2194.3,2200.0,2096.0,2106.55,122733.0
2022-05-26 09:15:00,NSE:CAMS,2113.0,2135.0,2037.15,2075.3999,199775.0
2022-05-27 09:15:00,NSE:CAMS,2105.0,2160.0,2077.1001,2088.2,109474.0
2022-05-30 09:15:00,NSE:CAMS,2126.55,2138.5,2095.0,2126.95,136945.0
2022-05-31 09:15:00,NSE:CAMS,2144.0,2357.95,2130.2,2325.7,576395.0
2022-06-01 09:15:00,NSE:CAMS,2333.0,2447.8,2333.0,2409.1001,403859.0
2022-06-02 09:15:00,NSE:CAMS,2400.0,2451.8,2365.0,2442.3,173349.0
2022-06-03 09:15:00,NSE:CAMS,2451.0,2459.8999,2369.3,2401.0,360294.0
2022-06-06 09:15:00,NSE:CAMS,2400.0,2424.0,2352.6001,2399.8999,251724.0
2022-06-07 09:15:00,NSE:CAMS,2380.0,2445.0,2375.05,2434.45,141792.0
2022-06-08 09:15:00,NSE:CAMS,2422.1499,2459.0,2400.0,2428.3,80284.0
2022-06-09 09:15:00,NSE:CAMS,2460.0,2597.45,2433.1001,2566.95,851145.0
2022-06-10 09:15:00,NSE:CAMS,2539.05,2656.0,2519.2,2587.8999,436893.0
2022-06-13 09:15:00,NSE:CAMS,2550.0,2567.6001,2373.0,2470.8,181504.0
2022-06-14 09:15:00,NSE:CAMS,2452.0,2458.95,2321.1001,2343.6001,176722.0
2022-06-15 09:15:00,NSE:CAMS,2343.6001,2398.7,2325.0,2372.05,93472.0
2022-06-16 09:15:00,NSE:CAMS,2410.0,2419.5,2295.8,2317.8501,89826.0
2022-06-17 09:15:00,NSE:CAMS,2290.0,2444.0,2284.05,2418.1001,225442.0
2022-06-20 09:15:00,NSE:CAMS,2419.0,2500.0,2418.95,2475.6001,227954.0
2022-06-21 09:15:00,NSE:CAMS,2475.6001,2510.0,2392.0,2403.3501,112168.0
2022-06-22 09:15:00,NSE:CAMS,2408.0,2408.0,2280.25,2294.05,116412.0
2022-06-23 09:15:00,NSE:CAMS,2297.0,2345.0,2297.0,2318.75,90695.0
2022-06-24 09:15:00,NSE:CAMS,2340.0,2344.0,2286.3,2301.8,47603.0
2022-06-27 09:15:00,NSE:CAMS,2340.0,2344.25,2288.0,2297.95,78228.0
2022-06-28 09:15:00,NSE:CAMS,2299.95,2299.95,2253.0,2258.1001,84246.0
2022-06-29 09:15:00,NSE:CAMS,2249.95,2297.7,2232.0,2268.05,80898.0
2022-06-30 09:15:00,NSE:CAMS,2255.0,2284.2,2250.05,2257.75,69549.0
2022-07-01 09:15:00,NSE:CAMS,2258.8,2258.8,2207.0,2224.8,57998.0
2022-07-04 09:15:00,NSE:CAMS,2225.0,2235.0,2152.0,2164.8999,125098.0
2022-07-05 09:15:00,NSE:CAMS,2178.95,2223.95,2178.95,2196.3501,79502.0
2022-07-06 09:15:00,NSE:CAMS,2211.0,2242.3,2175.3501,2230.95,237921.0
2022-07-07 09:15:00,NSE:CAMS,2253.0,2279.0,2235.3501,2267.8501,77891.0
2022-07-08 09:15:00,NSE:CAMS,2276.0,2309.0,2256.3,2268.45,84965.0
2022-07-11 09:15:00,NSE:CAMS,2264.8999,2284.45,2231.0,2273.95,58033.0
2022-07-12 09:15:00,NSE:CAMS,2268.0,2345.8,2260.7,2311.55,126125.0
2022-07-13 09:15:00,NSE:CAMS,2326.95,2375.0,2317.6499,2324.1499,98628.0
2022-07-14 09:15:00,NSE:CAMS,2327.5,2347.75,2286.0,2319.05,58221.0
2022-07-15 09:15:00,NSE:CAMS,2325.0,2325.0,2287.0,2308.8501,54444.0
2022-07-18 09:15:00,NSE:CAMS,2318.5,2336.95,2281.1001,2297.3,63863.0
2022-07-19 09:15:00,NSE:CAMS,2297.3,2402.95,2297.3,2381.6001,144603.0
2022-07-20 09:15:00,NSE:CAMS,2409.7,2455.1499,2385.3501,2395.7,104518.0
2022-07-21 09:15:00,NSE:CAMS,2399.8999,2399.8999,2356.3501,2365.3,67828.0
2022-07-22 09:15:00,NSE:CAMS,2380.0,2441.0,2365.6001,2426.8,118122.0
2022-07-25 09:15:00,NSE:CAMS,2424.8999,2447.3999,2413.55,2436.2,60540.0
2022-07-26 09:15:00,NSE:CAMS,2435.8999,2435.8999,2387.1499,2406.7,56330.0
2022-07-27 09:15:00,NSE:CAMS,2400.0,2421.3999,2370.6001,2410.75,50635.0
2022-07-28 09:15:00,NSE:CAMS,2415.0,2448.7,2401.0,2433.6499,68002.0
2022-07-29 09:15:00,NSE:CAMS,2449.8999,2470.0,2425.3999,2457.6499,96211.0
2022-08-01 09:15:00,NSE:CAMS,2466.0,2478.75,2430.0,2436.6499,73059.0
2022-08-02 09:15:00,NSE:CAMS,2440.2,2487.0,2440.2,2453.5,107645.0
2022-08-03 09:15:00,NSE:CAMS,2453.5,2490.0,2449.8999,2475.8,99771.0
2022-08-04 09:15:00,NSE:CAMS,2499.0,2500.0,2366.3999,2442.7,104598.0
2022-08-05 09:15:00,NSE:CAMS,2460.0,2485.0,2357.0,2368.05,157198.0
2022-08-08 09:15:00,NSE:CAMS,2384.3501,2384.3501,2310.0,2328.8501,128941.0
2022-08-10 09:15:00,NSE:CAMS,2349.95,2350.0,2296.0,2308.8999,98438.0
2022-08-11 09:15:00,NSE:CAMS,2334.8999,2377.8501,2322.05,2368.0,91096.0
2022-08-12 09:15:00,NSE:CAMS,2370.0,2396.0,2340.55,2374.3501,52956.0
2022-08-16 09:15:00,NSE:CAMS,2448.0,2448.0,2380.0,2408.05,83364.0
2022-08-17 09:15:00,NSE:CAMS,2428.0,2428.0,2386.2,2393.6001,68640.0
2022-08-18 09:15:00,NSE:CAMS,2419.8999,2429.0,2372.0,2378.45,150019.0
2022-08-19 09:15:00,NSE:CAMS,2370.0,2379.95,2241.0,2255.6499,1657987.0
2022-08-22 09:15:00,NSE:CAMS,2241.3,2256.55,2194.5,2203.0,244724.0
2022-08-23 09:15:00,NSE:CAMS,2188.0,2238.0,2177.05,2223.95,104993.0
2022-08-24 09:15:00,NSE:CAMS,2237.8,2257.0,2220.1499,2230.3501,127119.0
2022-08-25 09:15:00,NSE:CAMS,2247.0,2256.7,2225.0,2234.2,77617.0
2022-08-26 09:15:00,NSE:CAMS,2245.0,2260.0,2236.3,2250.45,273907.0
2022-08-29 09:15:00,NSE:CAMS,2191.0,2270.0,2180.0,2258.3999,188578.0
2022-08-30 09:15:00,NSE:CAMS,2280.0,2314.8,2255.1001,2303.8999,202412.0
2022-09-01 09:15:00,NSE:CAMS,2304.0,2304.0,2282.05,2290.2,67934.0
2022-09-02 09:15:00,NSE:CAMS,2300.2,2318.8999,2293.45,2307.45,118331.0
2022-09-05 09:15:00,NSE:CAMS,2313.0,2322.0,2286.0,2301.45,125231.0
2022-09-06 09:15:00,NSE:CAMS,2306.0,2315.0,2279.25,2289.25,85859.0
2022-09-07 09:15:00,NSE:CAMS,2288.8,2322.8999,2275.0,2305.5,149746.0
2022-09-08 09:15:00,NSE:CAMS,2321.0,2380.3501,2320.0,2371.6499,301623.0
2022-09-09 09:15:00,NSE:CAMS,2381.0,2476.1499,2380.0,2460.95,548060.0
2022-09-12 09:15:00,NSE:CAMS,2480.0,2609.0,2469.05,2576.3501,565590.0
2022-09-13 09:15:00,NSE:CAMS,2607.0,2640.0,2578.3501,2605.0,387424.0
2022-09-14 09:15:00,NSE:CAMS,2551.0,2625.0,2548.0,2592.3999,275207.0
2022-09-15 09:15:00,NSE:CAMS,2600.0,2620.0,2584.1001,2592.6001,158669.0
2022-09-16 09:15:00,NSE:CAMS,2595.0,2596.8,2516.0,2535.2,233210.0
2022-09-19 09:15:00,NSE:CAMS,2513.0,2520.0,2451.1499,2461.55,236567.0
2022-09-20 09:15:00,NSE:CAMS,2481.95,2510.0,2465.6499,2481.2,139703.0
2022-09-21 09:15:00,NSE:CAMS,2476.3501,2494.2,2434.1001,2440.8501,46041.0
2022-09-22 09:15:00,NSE:CAMS,2442.0,2579.0,2431.8,2567.8999,335080.0
2022-09-23 09:15:00,NSE:CAMS,2570.0,2588.0,2494.0,2549.1499,141790.0
2022-09-26 09:15:00,NSE:CAMS,2512.8,2519.8999,2420.0,2446.2,109787.0
2022-09-27 09:15:00,NSE:CAMS,2439.0,2455.2,2390.1499,2412.55,127438.0
2022-09-28 09:15:00,NSE:CAMS,2429.05,2458.0,2415.1001,2436.8501,133719.0
2022-09-29 09:15:00,NSE:CAMS,2466.0,2519.5,2466.0,2498.2,123000.0
2022-09-30 09:15:00,NSE:CAMS,2498.0,2545.0,2470.45,2527.3999,89652.0
2022-10-03 09:15:00,NSE:CAMS,2527.0,2527.0,2462.05,2473.25,64560.0
2022-10-04 09:15:00,NSE:CAMS,2507.0,2520.0,2470.0,2478.8999,57196.0
2022-10-06 09:15:00,NSE:CAMS,2487.0,2504.2,2480.0,2486.45,46975.0
2022-10-07 09:15:00,NSE:CAMS,2476.0,2497.8,2443.05,2467.7,43646.0
2022-10-10 09:15:00,NSE:CAMS,2445.0,2560.0,2443.45,2535.3501,196458.0
2022-10-11 09:15:00,NSE:CAMS,2549.0,2594.0,2515.1001,2556.8999,150409.0
2022-10-12 09:15:00,NSE:CAMS,2574.0,2598.5,2522.3,2567.45,128266.0
2022-10-13 09:15:00,NSE:CAMS,2568.0,2690.0,2568.0,2596.6001,526042.0
2022-10-14 09:15:00,NSE:CAMS,2650.0,2650.0,2556.1499,2575.95,190963.0
2022-10-17 09:15:00,NSE:CAMS,2584.8501,2637.0,2570.0,2598.55,148735.0
2022-10-18 09:15:00,NSE:CAMS,2604.0,2655.0,2580.1499,2593.6499,122286.0
2022-10-19 09:15:00,NSE:CAMS,2602.0,2606.6499,2560.0,2565.2,92943.0
2022-10-20 09:15:00,NSE:CAMS,2565.0,2645.0,2527.0,2611.3,132428.0
2022-10-21 09:15:00,NSE:CAMS,2629.6499,2651.8999,2615.1499,2635.8,111357.0
2022-10-24 18:15:00,NSE:CAMS,2670.0,2679.0,2660.0,2666.8999,77038.0
2022-10-25 09:15:00,NSE:CAMS,2663.0,2676.55,2605.0,2615.8999,112120.0
2022-10-27 09:15:00,NSE:CAMS,2619.8999,2629.95,2580.0,2593.2,86905.0
2022-10-28 09:15:00,NSE:CAMS,2605.8501,2605.8501,2552.3501,2564.3999,56443.0
2022-10-31 09:15:00,NSE:CAMS,2587.0,2587.0,2540.0,2549.1499,83732.0
2022-11-01 09:15:00,NSE:CAMS,2556.95,2556.95,2490.0,2496.95,126200.0
2022-11-02 09:15:00,NSE:CAMS,2504.8,2525.0,2485.6001,2502.6001,104582.0
2022-11-03 09:15:00,NSE:CAMS,2500.0,2539.75,2465.0,2473.0,128472.0
2022-11-04 09:15:00,NSE:CAMS,2485.3999,2496.3,2448.0,2453.3999,238744.0
2022-11-07 09:15:00,NSE:CAMS,2490.0,2515.0,2440.0,2449.8,135707.0
2022-11-09 09:15:00,NSE:CAMS,2462.25,2462.25,2390.0,2396.2,221182.0
2022-11-10 09:15:00,NSE:CAMS,2396.0,2415.6001,2352.0,2359.6499,149416.0
2022-11-11 09:15:00,NSE:CAMS,2399.0,2402.55,2380.25,2394.3999,96636.0
2022-11-14 09:15:00,NSE:CAMS,2406.2,2406.3999,2342.8,2373.8,278493.0
2022-11-15 09:15:00,NSE:CAMS,2390.0,2390.0,2344.1001,2351.45,109763.0
2022-11-16 09:15:00,NSE:CAMS,2355.2,2375.0,2345.0,2353.2,145820.0
2022-11-17 09:15:00,NSE:CAMS,2355.5,2376.0,2342.0,2349.75,192325.0
2022-11-18 09:15:00,NSE:CAMS,2352.5,2366.0,2285.0,2291.55,176882.0
2022-11-21 09:15:00,NSE:CAMS,2290.0,2310.8999,2275.25,2283.3,104542.0
2022-11-22 09:15:00,NSE:CAMS,2293.8999,2294.75,2270.0,2278.1001,65376.0
2022-11-23 09:15:00,NSE:CAMS,2287.7,2293.7,2255.0,2272.1499,286374.0
2022-11-24 09:15:00,NSE:CAMS,2280.0,2305.0,2274.05,2299.5,80021.0
2022-11-25 09:15:00,NSE:CAMS,2310.5,2344.3999,2306.0,2322.8,104897.0
2022-11-28 09:15:00,NSE:CAMS,2329.0,2369.0,2325.05,2356.45,126702.0
2022-11-29 09:15:00,NSE:CAMS,2368.0,2396.45,2346.0,2353.6499,54349.0
2022-11-30 09:15:00,NSE:CAMS,2359.6001,2359.6001,2285.0,2298.75,131235.0
2022-12-01 09:15:00,NSE:CAMS,2311.0,2329.75,2271.25,2276.25,376229.0
2022-12-02 09:15:00,NSE:CAMS,2277.05,2306.0,2272.1499,2275.45,142245.0
2022-12-05 09:15:00,NSE:CAMS,2288.3,2323.3501,2277.6499,2298.0,154222.0
2022-12-06 09:15:00,NSE:CAMS,2294.7,2294.7,2258.5,2269.2,250361.0
2022-12-07 09:15:00,NSE:CAMS,2271.1499,2276.8999,2251.0,2253.45,78123.0
2022-12-08 09:15:00,NSE:CAMS,2255.0,2258.8,2200.0,2203.3501,357998.0
2022-12-09 09:15:00,NSE:CAMS,2220.0,2243.45,2185.05,2210.75,129750.0
2022-12-12 09:15:00,NSE:CAMS,2219.3501,2219.3501,2177.3,2194.6499,98255.0
2022-12-13 09:15:00,NSE:CAMS,2204.5,2207.8,2186.0,2190.05,99077.0
2022-12-14 09:15:00,NSE:CAMS,2205.8999,2205.8999,2180.0,2186.8,314823.0
2022-12-15 09:15:00,NSE:CAMS,2184.05,2198.3501,2171.3501,2178.25,138979.0
2022-12-16 09:15:00,NSE:CAMS,2175.0,2249.5,2172.1001,2207.75,234243.0
2022-12-19 09:15:00,NSE:CAMS,2220.0,2224.8999,2180.0,2187.2,102683.0
2022-12-20 09:15:00,NSE:CAMS,2200.0,2207.1499,2182.3999,2194.6001,69421.0
2022-12-21 09:15:00,NSE:CAMS,2200.0,2239.6001,2194.6001,2202.1001,210666.0
2022-12-22 09:15:00,NSE:CAMS,2215.0,2284.0,2215.0,2249.95,364347.0
2022-12-23 09:15:00,NSE:CAMS,2244.0,2244.0,2150.0,2169.05,134801.0
2022-12-26 09:15:00,NSE:CAMS,2169.05,2218.0,2151.05,2192.0,49423.0
2022-12-27 09:15:00,NSE:CAMS,2205.0,2229.0,2195.2,2214.8501,66141.0
2022-12-28 09:15:00,NSE:CAMS,2203.0,2218.8,2190.1001,2210.8501,45818.0
2022-12-29 09:15:00,NSE:CAMS,2210.0,2223.55,2199.0,2209.6001,53024.0
2022-12-30 09:15:00,NSE:CAMS,2213.0,2230.0,2212.5,2221.6499,46280.0
2023-01-02 09:15:00,NSE:CAMS,2226.7,2226.7,2188.1001,2192.7,71711.0
2023-01-03 09:15:00,NSE:CAMS,2198.1001,2220.0,2197.8,2214.3,39310.0
2023-01-04 09:15:00,NSE:CAMS,2218.8999,2218.8999,2200.6001,2207.0,43256.0
2023-01-05 09:15:00,NSE:CAMS,2213.95,2246.8999,2206.95,2220.75,87785.0
2023-01-06 09:15:00,NSE:CAMS,2220.75,2231.8999,2214.0,2220.75,27983.0
2023-01-09 09:15:00,NSE:CAMS,2232.7,2235.0,2214.6499,2223.45,42418.0
2023-01-10 09:15:00,NSE:CAMS,2226.5,2244.0,2220.0,2226.1499,56380.0
2023-01-11 09:15:00,NSE:CAMS,2227.3501,2243.55,2218.1001,2226.0,72853.0
2023-01-12 09:15:00,NSE:CAMS,2226.0,2245.0,2226.0,2235.75,56467.0
2023-01-13 09:15:00,NSE:CAMS,2242.0,2279.8999,2235.05,2273.8501,129596.0
2023-01-16 09:15:00,NSE:CAMS,2286.7,2306.0,2276.0,2292.3999,76538.0
2023-01-17 09:15:00,NSE:CAMS,2290.0,2304.3501,2274.0,2293.45,116885.0
2023-01-18 09:15:00,NSE:CAMS,2295.7,2315.6001,2293.0,2295.8501,112700.0
2023-01-19 09:15:00,NSE:CAMS,2294.0,2310.75,2287.45,2306.3999,58936.0
2023-01-20 09:15:00,NSE:CAMS,2307.0,2322.8999,2302.7,2318.8,60676.0
2023-01-23 09:15:00,NSE:CAMS,2329.0,2335.0,2316.2,2318.75,62212.0
2023-01-24 09:15:00,NSE:CAMS,2324.8,2325.3,2285.0,2301.6001,50198.0
2023-01-25 09:15:00,NSE:CAMS,2293.0,2299.0,2271.95,2278.8501,53811.0
2023-01-27 09:15:00,NSE:CAMS,2289.7,2340.0,2278.8999,2293.6499,279897.0
2023-01-30 09:15:00,NSE:CAMS,2277.25,2305.0,2250.0,2262.0,72292.0
2023-01-31 09:15:00,NSE:CAMS,2262.0,2298.8,2250.8999,2279.75,61124.0
2023-02-01 09:15:00,NSE:CAMS,2288.0,2300.1001,2242.5,2259.05,87619.0
2023-02-02 09:15:00,NSE:CAMS,2254.75,2277.6001,2237.75,2258.55,41438.0
2023-02-03 09:15:00,NSE:CAMS,2242.1001,2284.95,2235.6499,2264.8999,64068.0
2023-02-06 09:15:00,NSE:CAMS,2230.1499,2280.05,2230.1499,2256.05,49275.0
2023-02-07 09:15:00,NSE:CAMS,2256.05,2292.0,2205.0,2260.3999,110116.0
2023-02-08 09:15:00,NSE:CAMS,2250.0,2278.7,2250.0,2261.5,45805.0
2023-02-09 09:15:00,NSE:CAMS,2261.5,2266.0,2225.1001,2253.1001,34738.0
2023-02-10 09:15:00,NSE:CAMS,2251.0,2288.8,2242.3999,2271.8,40660.0
2023-02-13 09:15:00,NSE:CAMS,2271.8,2285.0,2260.0,2279.25,28253.0
2023-02-14 09:15:00,NSE:CAMS,2275.0,2280.95,2255.8999,2267.05,29431.0
2023-02-15 09:15:00,NSE:CAMS,2243.3501,2306.0,2243.3501,2289.8,83217.0
2023-02-16 09:15:00,NSE:CAMS,2322.7,2331.0,2272.3999,2297.55,146134.0
2023-02-17 09:15:00,NSE:CAMS,2293.6499,2330.0,2283.05,2300.6499,65033.0
2023-02-20 09:15:00,NSE:CAMS,2309.45,2310.0,2289.05,2299.3501,28418.0
2023-02-21 09:15:00,NSE:CAMS,2293.0,2304.95,2281.5,2297.25,27630.0
2023-02-22 09:15:00,NSE:CAMS,2278.0,2306.05,2266.55,2301.1001,100607.0
2023-02-23 09:15:00,NSE:CAMS,2301.95,2307.3501,2296.0,2301.1001,115524.0
2023-02-24 09:15:00,NSE:CAMS,2305.8,2305.95,2285.0,2292.95,39040.0
2023-02-27 09:15:00,NSE:CAMS,2292.0,2292.0,2252.3501,2267.7,104535.0
2023-02-28 09:15:00,NSE:CAMS,2262.0,2272.1001,2208.1001,2260.05,64110.0
2023-03-01 09:15:00,NSE:CAMS,2255.0,2272.1001,2250.2,2253.7,50372.0
2023-03-02 09:15:00,NSE:CAMS,2255.3999,2263.3,2250.05,2257.1499,34573.0
2023-03-03 09:15:00,NSE:CAMS,2258.95,2349.0,2257.3,2312.75,205728.0
2023-03-06 09:15:00,NSE:CAMS,2324.8,2355.0,2301.1001,2309.75,53808.0
2023-03-08 09:15:00,NSE:CAMS,2307.0,2309.7,2276.3501,2299.45,52380.0
2023-03-09 09:15:00,NSE:CAMS,2310.8999,2310.8999,2290.1001,2300.8501,99356.0
2023-03-10 09:15:00,NSE:CAMS,2286.0,2307.5,2278.95,2291.8,80302.0
2023-03-13 09:15:00,NSE:CAMS,2288.7,2291.8,2235.0,2248.6499,63936.0
2023-03-14 09:15:00,NSE:CAMS,2238.0,2248.7,2206.25,2227.6499,39809.0
2023-03-15 09:15:00,NSE:CAMS,2221.3,2238.55,2210.0,2217.3999,29499.0
2023-03-16 09:15:00,NSE:CAMS,2206.05,2224.55,2160.0,2164.6001,104875.0
2023-03-17 09:15:00,NSE:CAMS,2165.55,2185.8999,2151.0,2159.45,42816.0
2023-03-20 09:15:00,NSE:CAMS,2159.0,2169.6001,2144.45,2161.8999,42719.0
2023-03-21 09:15:00,NSE:CAMS,2172.95,2189.8999,2165.0,2167.6001,31850.0
2023-03-22 09:15:00,NSE:CAMS,2173.1499,2213.3,2170.3999,2180.95,27074.0
2023-03-23 09:15:00,NSE:CAMS,2181.0,2186.95,2150.0,2162.7,43176.0
2023-03-24 09:15:00,NSE:CAMS,2159.6499,2169.05,2125.8501,2132.8,51143.0
2023-03-27 09:15:00,NSE:CAMS,2115.0,2128.8501,2045.0,2060.8,76464.0
2023-03-28 09:15:00,NSE:CAMS,2035.0,2068.8501,2010.0,2015.55,76521.0
2023-03-29 09:15:00,NSE:CAMS,2020.0,2047.9,2010.05,2017.4,62569.0
2023-03-31 09:15:00,NSE:CAMS,2025.0,2097.3999,2024.05,2030.95,111789.0
2023-04-03 09:15:00,NSE:CAMS,2039.0,2144.3999,2038.0,2110.8501,132541.0
2023-04-05 09:15:00,NSE:CAMS,2133.5,2165.0,2125.95,2159.8501,87658.0
2023-04-06 09:15:00,NSE:CAMS,2163.7,2202.95,2159.8501,2176.1499,31863.0
2023-04-10 09:15:00,NSE:CAMS,2176.1499,2263.7,2172.0,2227.5,111599.0
2023-04-11 09:15:00,NSE:CAMS,2235.8,2242.0,2188.05,2191.2,58870.0
2023-04-12 09:15:00,NSE:CAMS,2197.7,2214.5,2140.7,2160.6499,183345.0
2023-04-13 09:15:00,NSE:CAMS,2167.0,2179.7,2130.2,2138.0,42384.0
2023-04-17 09:15:00,NSE:CAMS,2137.7,2137.7,2092.5,2100.05,50446.0
2023-04-18 09:15:00,NSE:CAMS,2110.0,2147.0,2100.05,2129.1499,39117.0
2023-04-19 09:15:00,NSE:CAMS,2139.8,2149.95,2105.7,2114.1001,28673.0
2023-04-20 09:15:00,NSE:CAMS,2119.0,2123.8999,2096.6499,2102.1001,35210.0
2023-04-21 09:15:00,NSE:CAMS,2107.8,2108.6499,2060.0,2064.3501,75203.0
2023-04-24 09:15:00,NSE:CAMS,2068.95,2073.95,2026.2,2034.65,157047.0
2023-04-25 09:15:00,NSE:CAMS,2035.0,2060.0,2032.0,2047.65,318410.0
2023-04-26 09:15:00,NSE:CAMS,2054.6499,2080.0,2050.1001,2058.1499,47806.0
2023-04-27 09:15:00,NSE:CAMS,2067.7,2067.7,2035.6,2048.1001,51617.0
2023-04-28 09:15:00,NSE:CAMS,2057.8999,2071.0,2034.0,2061.25,86602.0
2023-05-02 09:15:00,NSE:CAMS,2068.95,2075.3999,2045.05,2049.1499,74076.0
2023-05-03 09:15:00,NSE:CAMS,2049.2,2068.0,2040.05,2050.75,55668.0
2023-05-04 09:15:00,NSE:CAMS,2053.3999,2072.0,2050.75,2061.7,59887.0
2023-05-05 09:15:00,NSE:CAMS,2061.05,2098.0,2060.0,2072.25,74190.0
2023-05-08 09:15:00,NSE:CAMS,2087.0,2087.0,2047.0,2055.05,61281.0
2023-05-09 09:15:00,NSE:CAMS,2064.7,2117.95,2058.3501,2110.3501,240428.0
2023-05-10 09:15:00,NSE:CAMS,2112.0,2137.0,2067.1499,2088.55,180922.0
2023-05-11 09:15:00,NSE:CAMS,2099.3999,2106.95,2076.0,2087.0,61467.0
2023-05-12 09:15:00,NSE:CAMS,2089.7,2094.05,2054.0,2057.8,165019.0
2023-05-15 09:15:00,NSE:CAMS,2057.0,2071.95,2051.0,2066.0,53585.0
2023-05-16 09:15:00,NSE:CAMS,2072.0,2097.45,2062.3,2075.8999,157072.0
2023-05-17 09:15:00,NSE:CAMS,2083.5,2110.0,2066.05,2070.8501,80773.0
2023-05-18 09:15:00,NSE:CAMS,2075.0,2079.95,2064.05,2069.7,30685.0
2023-05-19 09:15:00,NSE:CAMS,2069.7,2089.5,2048.6001,2081.7,55337.0
2023-05-22 09:15:00,NSE:CAMS,2088.3999,2160.0,2083.6001,2134.8,189043.0
2023-05-23 09:15:00,NSE:CAMS,2144.7,2194.75,2140.0,2190.75,137967.0
2023-05-24 09:15:00,NSE:CAMS,2186.0,2212.95,2162.6499,2171.6499,47301.0
2023-05-25 09:15:00,NSE:CAMS,2172.7,2172.7,2137.55,2144.95,43351.0
2023-05-26 09:15:00,NSE:CAMS,2148.95,2154.7,2125.8999,2135.1001,35520.0
2023-05-29 09:15:00,NSE:CAMS,2141.0,2149.3999,2134.3,2138.1499,29937.0
2023-05-30 09:15:00,NSE:CAMS,2141.0,2155.0,2135.0,2142.5,27634.0
2023-05-31 09:15:00,NSE:CAMS,2142.5,2225.0,2142.5,2216.8999,114179.0
2023-06-01 09:15:00,NSE:CAMS,2216.8999,2265.0,2210.8999,2229.95,135721.0
2023-06-02 09:15:00,NSE:CAMS,2233.6001,2249.8999,2192.75,2197.1499,77627.0
2023-06-05 09:15:00,NSE:CAMS,2200.8999,2207.0,2185.1001,2195.75,46912.0
2023-06-06 09:15:00,NSE:CAMS,2196.95,2196.95,2171.05,2174.05,30906.0
2023-06-07 09:15:00,NSE:CAMS,2174.05,2195.0,2168.05,2180.05,45636.0
2023-06-08 09:15:00,NSE:CAMS,2180.05,2188.3501,2161.0,2168.6001,29104.0
2023-06-09 09:15:00,NSE:CAMS,2168.6001,2178.8,2150.0,2151.6499,26258.0
2023-06-12 09:15:00,NSE:CAMS,2160.0,2177.0,2150.0,2162.8999,39318.0
2023-06-13 09:15:00,NSE:CAMS,2179.25,2183.1499,2158.0,2163.8999,38685.0
2023-06-14 09:15:00,NSE:CAMS,2172.95,2199.0,2166.1499,2185.3501,40801.0
2023-06-15 09:15:00,NSE:CAMS,2196.8999,2233.1499,2186.1001,2196.2,107363.0
2023-06-16 09:15:00,NSE:CAMS,2217.8999,2228.8,2187.1001,2196.8501,45928.0
2023-06-19 09:15:00,NSE:CAMS,2201.0,2208.8,2175.0,2179.3999,40076.0
2023-06-20 09:15:00,NSE:CAMS,2196.3999,2213.8,2174.55,2184.55,41997.0
2023-06-21 09:15:00,NSE:CAMS,2198.0,2206.6001,2175.8501,2187.7,53221.0
2023-06-22 09:15:00,NSE:CAMS,2204.95,2206.75,2162.2,2176.8501,62564.0
2023-06-23 09:15:00,NSE:CAMS,2184.0,2189.95,2147.8501,2156.8,46138.0
2023-06-26 09:15:00,NSE:CAMS,2163.7,2174.0,2140.25,2149.75,50595.0
2023-06-27 09:15:00,NSE:CAMS,2162.55,2162.55,2132.0,2135.3999,57618.0
2023-06-28 09:15:00,NSE:CAMS,2147.55,2166.95,2140.05,2158.8501,66575.0
2023-06-30 09:15:00,NSE:CAMS,2188.0,2225.0,2179.8999,2198.55,223340.0
2023-07-03 09:15:00,NSE:CAMS,2238.0,2330.0,2225.1001,2292.55,521776.0
2023-07-04 09:15:00,NSE:CAMS,2322.0,2345.0,2275.0,2289.6001,221638.0
2023-07-05 09:15:00,NSE:CAMS,2290.0,2313.0,2261.8999,2275.05,99434.0
2023-07-06 09:15:00,NSE:CAMS,2281.0,2329.8999,2276.05,2301.3,101789.0
2023-07-07 09:15:00,NSE:CAMS,2299.0,2331.0,2270.05,2286.05,125495.0
2023-07-10 09:15:00,NSE:CAMS,2285.0,2310.0,2240.0,2246.3501,69266.0
2023-07-11 09:15:00,NSE:CAMS,2257.45,2281.5,2236.0,2249.0,69685.0
2023-07-12 09:15:00,NSE:CAMS,2259.7,2267.3,2223.0,2232.05,91738.0
2023-07-13 09:15:00,NSE:CAMS,2237.7,2244.0,2220.1499,2241.3,72908.0
2023-07-14 09:15:00,NSE:CAMS,2249.7,2279.0,2236.1499,2272.1001,105535.0
2023-07-17 09:15:00,NSE:CAMS,2285.0,2302.95,2268.05,2272.2,77325.0
2023-07-18 09:15:00,NSE:CAMS,2285.0,2289.0,2251.55,2274.3,64110.0
2023-07-19 09:15:00,NSE:CAMS,2278.7,2297.05,2267.0,2280.3501,84358.0
2023-07-20 09:15:00,NSE:CAMS,2282.95,2294.0,2268.1499,2273.8501,85019.0
2023-07-21 09:15:00,NSE:CAMS,2266.0,2313.6001,2264.0,2295.3,142464.0
2023-07-24 09:15:00,NSE:CAMS,2299.6499,2364.95,2295.0,2335.8999,275541.0
2023-07-25 09:15:00,NSE:CAMS,2348.1499,2349.8,2315.8999,2336.8501,77021.0
2023-07-26 09:15:00,NSE:CAMS,2337.0,2353.8999,2320.0,2329.6001,56955.0
2023-07-27 09:15:00,NSE:CAMS,2344.7,2353.8999,2328.0,2336.3999,64428.0
2023-07-28 09:15:00,NSE:CAMS,2335.7,2344.8,2320.0,2333.6001,57247.0
2023-07-31 09:15:00,NSE:CAMS,2346.5,2392.8,2346.5,2356.95,188890.0
2023-08-01 09:15:00,NSE:CAMS,2368.95,2408.7,2361.0,2371.1001,111149.0
2023-08-02 09:15:00,NSE:CAMS,2375.7,2402.95,2347.0,2371.3999,111368.0
2023-08-03 09:15:00,NSE:CAMS,2350.0,2425.0,2340.1001,2350.8,260004.0
2023-08-04 09:15:00,NSE:CAMS,2357.0,2378.8501,2305.0,2310.25,75554.0
2023-08-07 09:15:00,NSE:CAMS,2319.95,2458.0,2318.55,2377.3501,276913.0
2023-08-08 09:15:00,NSE:CAMS,2398.6001,2400.0,2354.45,2379.8501,118938.0
2023-08-09 09:15:00,NSE:CAMS,2384.0,2421.6499,2379.8501,2405.95,97423.0
2023-08-10 09:15:00,NSE:CAMS,2407.05,2430.0,2402.7,2412.8999,85651.0
2023-08-11 09:15:00,NSE:CAMS,2415.0,2435.0,2406.8,2426.3999,255462.0
2023-08-14 09:15:00,NSE:CAMS,2419.0,2465.0,2380.0,2454.45,183959.0
2023-08-16 09:15:00,NSE:CAMS,2446.0,2506.8,2440.0,2497.2,214129.0
2023-08-17 09:15:00,NSE:CAMS,2501.95,2539.8999,2490.25,2536.3999,174468.0
2023-08-18 09:15:00,NSE:CAMS,2536.0,2545.2,2506.55,2538.55,111154.0
2023-08-21 09:15:00,NSE:CAMS,2538.5,2544.95,2468.8999,2501.75,150254.0
2023-08-22 09:15:00,NSE:CAMS,2503.7,2534.1001,2486.45,2500.3501,78235.0
2023-08-23 09:15:00,NSE:CAMS,2501.95,2523.0,2466.05,2494.0,260252.0
2023-08-24 09:15:00,NSE:CAMS,2498.0,2516.8,2425.0,2437.5,304450.0
2023-08-25 09:15:00,NSE:CAMS,2433.1001,2458.95,2402.75,2414.6001,185038.0
2023-08-28 09:15:00,NSE:CAMS,2419.95,2440.0,2358.0,2376.05,83711.0
2023-08-29 09:15:00,NSE:CAMS,2382.2,2420.0,2361.3501,2368.05,71292.0
2023-08-30 09:15:00,NSE:CAMS,2384.0,2404.0,2372.2,2383.8999,47803.0
2023-08-31 09:15:00,NSE:CAMS,2390.0,2397.0,2368.2,2375.45,48329.0
2023-09-01 09:15:00,NSE:CAMS,2376.0,2389.8501,2351.0,2356.1001,49420.0
2023-09-04 09:15:00,NSE:CAMS,2366.0,2398.8999,2363.55,2383.45,220401.0
2023-09-05 09:15:00,NSE:CAMS,2388.0,2481.8501,2385.0,2447.1499,193006.0
2023-09-06 09:15:00,NSE:CAMS,2448.7,2504.25,2448.0,2474.75,97513.0
2023-09-07 09:15:00,NSE:CAMS,2476.0,2495.8999,2431.5,2442.55,69564.0
2023-09-08 09:15:00,NSE:CAMS,2454.0,2490.0,2447.0,2464.6001,78774.0
2023-09-11 09:15:00,NSE:CAMS,2501.0,2627.7,2487.25,2604.6001,748817.0
2023-09-12 09:15:00,NSE:CAMS,2634.8999,2650.8999,2494.5,2602.8999,507511.0
2023-09-13 09:15:00,NSE:CAMS,2608.0,2649.8501,2555.05,2590.7,204603.0
2023-09-14 09:15:00,NSE:CAMS,2595.0,2667.8999,2590.75,2615.8,145248.0
2023-09-15 09:15:00,NSE:CAMS,2625.0,2638.05,2586.0,2596.05,89802.0
2023-09-18 09:15:00,NSE:CAMS,2599.0,2609.55,2523.6001,2537.95,82415.0
2023-09-20 09:15:00,NSE:CAMS,2547.95,2565.0,2500.0,2544.8501,92561.0
2023-09-21 09:15:00,NSE:CAMS,2544.0,2556.45,2492.0,2500.8,90926.0
2023-09-22 09:15:00,NSE:CAMS,2491.05,2525.0,2456.0,2483.3999,84650.0
2023-09-25 09:15:00,NSE:CAMS,2483.3999,2520.0,2465.0,2491.95,46905.0
2023-09-26 09:15:00,NSE:CAMS,2490.0,2519.95,2485.25,2497.0,52147.0
2023-09-27 09:15:00,NSE:CAMS,2497.75,2537.1499,2458.0,2476.05,98286.0
2023-09-28 09:15:00,NSE:CAMS,2465.0,2477.8,2424.0,2438.1499,50712.0
2023-09-29 09:15:00,NSE:CAMS,2445.0,2525.0,2436.95,2510.55,80836.0
2023-10-03 09:15:00,NSE:CAMS,2518.8999,2530.0,2480.55,2517.45,70649.0
2023-10-04 09:15:00,NSE:CAMS,2499.0,2510.25,2445.1001,2449.95,62204.0
2023-10-05 09:15:00,NSE:CAMS,2459.0,2498.0,2453.0,2473.45,60525.0
2023-10-06 09:15:00,NSE:CAMS,2480.0,2497.95,2446.0,2489.3999,120412.0
2023-10-09 09:15:00,NSE:CAMS,2451.0,2460.0,2407.1001,2412.1499,76265.0
2023-10-10 09:15:00,NSE:CAMS,2431.8999,2456.0,2409.0,2413.5,45033.0
2023-10-11 09:15:00,NSE:CAMS,2423.5,2449.8999,2410.0,2415.1001,53171.0
2023-10-12 09:15:00,NSE:CAMS,2438.0,2599.0,2426.7,2562.8999,837436.0
2023-10-13 09:15:00,NSE:CAMS,2548.55,2575.0,2504.95,2520.6499,100294.0
2023-10-16 09:15:00,NSE:CAMS,2524.95,2532.95,2485.25,2495.8,85054.0
2023-10-17 09:15:00,NSE:CAMS,2512.0,2578.8,2500.55,2570.05,129503.0
2023-10-18 09:15:00,NSE:CAMS,2587.3999,2639.0,2570.05,2596.1499,263170.0
2023-10-19 09:15:00,NSE:CAMS,2593.6499,2593.6499,2528.0,2539.1001,83892.0
2023-10-20 09:15:00,NSE:CAMS,2541.3501,2555.0,2491.6499,2501.1001,73580.0
2023-10-23 09:15:00,NSE:CAMS,2506.0,2516.95,2401.0,2414.8501,89774.0
2023-10-25 09:15:00,NSE:CAMS,2414.8501,2427.45,2366.3999,2402.8,124291.0
2023-10-26 09:15:00,NSE:CAMS,2398.8,2398.8,2295.95,2301.6001,168620.0
2023-10-27 09:15:00,NSE:CAMS,2333.95,2344.3999,2300.0,2303.75,97364.0
2023-10-30 09:15:00,NSE:CAMS,2311.8999,2338.5,2275.0,2280.3999,86508.0
2023-10-31 09:15:00,NSE:CAMS,2291.0,2293.95,2240.0,2246.8999,139337.0
2023-11-01 09:15:00,NSE:CAMS,2258.95,2293.0,2230.0,2237.5,161510.0
2023-11-02 09:15:00,NSE:CAMS,2258.45,2305.0,2254.0,2263.45,91735.0
2023-11-03 09:15:00,NSE:CAMS,2280.0,2407.6001,2266.6499,2390.6499,530523.0
2023-11-06 09:15:00,NSE:CAMS,2426.6001,2444.0,2402.0,2415.3999,322959.0
2023-11-07 09:15:00,NSE:CAMS,2421.95,2424.8501,2394.0,2406.8999,83815.0
2023-11-08 09:15:00,NSE:CAMS,2444.0,2454.0,2408.5,2428.7,248428.0
2023-11-09 09:15:00,NSE:CAMS,2443.0,2443.0,2351.0,2376.3,312754.0
2023-11-10 09:15:00,NSE:CAMS,2388.8,2465.0,2388.0,2425.3999,279541.0
2023-11-12 18:15:00,NSE:CAMS,2495.0,2495.0,2463.15,2485.75,66366.0
2023-11-13 09:15:00,NSE:CAMS,2497.8999,2728.3,2473.7,2683.1001,1047730.0
2023-11-15 09:15:00,NSE:CAMS,2800.0,2863.25,2775.0,2804.45,1308922.0
2023-11-16 09:15:00,NSE:CAMS,2814.0,2890.0,2802.2,2839.7,713903.0
2023-11-17 09:15:00,NSE:CAMS,2850.0,2881.0,2784.7,2832.95,566692.0
2023-11-20 09:15:00,NSE:CAMS,2869.8,2935.0,2838.6499,2854.75,491800.0
2023-11-21 09:15:00,NSE:CAMS,2864.7,2895.0,2817.1499,2844.55,247138.0
2023-11-22 09:15:00,NSE:CAMS,2850.0,2863.8,2741.0,2753.3999,300305.0
2023-11-23 09:15:00,NSE:CAMS,2759.0,2827.3501,2757.25,2791.1499,229826.0
2023-11-24 09:15:00,NSE:CAMS,2815.0,2828.5,2775.1001,2786.1001,122029.0
2023-11-28 09:15:00,NSE:CAMS,2798.0,2798.0,2721.6499,2760.75,229410.0
2023-11-29 09:15:00,NSE:CAMS,2787.45,2812.0,2750.0,2784.05,249331.0
2023-11-30 09:15:00,NSE:CAMS,2790.0,2828.0,2727.8501,2801.1499,355241.0
2023-12-01 09:15:00,NSE:CAMS,2820.0,2834.8999,2779.2,2793.3999,166019.0
2023-12-04 09:15:00,NSE:CAMS,2850.3999,2938.3999,2793.7,2893.8999,1077444.0
2023-12-05 09:15:00,NSE:CAMS,2965.0,2988.0,2862.0,2874.25,973503.0
2023-12-06 09:15:00,NSE:CAMS,2870.0,2870.0,2743.0,2755.6499,960783.0
2023-12-07 09:15:00,NSE:CAMS,2774.95,2831.45,2754.0,2811.0,645099.0
2023-12-08 09:15:00,NSE:CAMS,2819.95,2825.0,2735.0,2744.75,380674.0
2023-12-11 09:15:00,NSE:CAMS,2740.2,2752.1001,2700.0,2705.95,348104.0
2023-12-12 09:15:00,NSE:CAMS,2720.0,2761.7,2690.05,2708.25,538563.0
2023-12-13 09:15:00,NSE:CAMS,2709.1001,2725.45,2685.0,2705.05,305404.0
2023-12-14 09:15:00,NSE:CAMS,2734.0,2758.6001,2720.05,2745.2,335258.0
2023-12-15 09:15:00,NSE:CAMS,2768.3501,2773.6499,2708.0,2722.05,340402.0
2023-12-18 09:15:00,NSE:CAMS,2722.05,2722.05,2673.7,2690.6001,455444.0
2023-12-19 09:15:00,NSE:CAMS,2700.0,2749.8501,2672.3,2677.3,447576.0
2023-12-20 09:15:00,NSE:CAMS,2700.95,2772.3999,2645.0,2655.3501,913662.0
2023-12-21 09:15:00,NSE:CAMS,2642.0,2723.1001,2618.05,2712.05,371564.0
2023-12-22 09:15:00,NSE:CAMS,2715.0,2734.45,2671.0,2678.3999,291298.0
2023-12-26 09:15:00,NSE:CAMS,2695.3,2709.45,2650.0,2657.3501,154057.0
2023-12-27 09:15:00,NSE:CAMS,2688.25,2693.8,2647.2,2659.1001,393234.0
2023-12-28 09:15:00,NSE:CAMS,2686.2,2686.2,2650.0,2663.5,207452.0
2023-12-29 09:15:00,NSE:CAMS,2665.0,2677.75,2645.75,2651.3999,226597.0
2024-01-01 09:15:00,NSE:CAMS,2659.0,2677.0,2643.3,2648.5,66066.0
2024-01-02 09:15:00,NSE:CAMS,2655.0,2695.0,2650.55,2669.7,143141.0
2024-01-03 09:15:00,NSE:CAMS,2670.7,2685.8,2649.5,2652.1001,112428.0
2024-01-04 09:15:00,NSE:CAMS,2675.0,2744.75,2671.0,2708.3501,268532.0
2024-01-05 09:15:00,NSE:CAMS,2725.25,2768.0,2712.2,2748.1499,354882.0
2024-01-08 09:15:00,NSE:CAMS,2769.0,2788.5,2754.0,2764.3999,259268.0
2024-01-09 09:15:00,NSE:CAMS,2784.0,2790.0,2755.55,2766.3999,183656.0
2024-01-10 09:15:00,NSE:CAMS,2766.3999,2779.95,2749.0,2761.25,135336.0
2024-01-11 09:15:00,NSE:CAMS,2771.95,2806.3501,2765.05,2793.7,320624.0
2024-01-12 09:15:00,NSE:CAMS,2810.0,2857.6001,2792.0,2839.2,420064.0
2024-01-15 09:15:00,NSE:CAMS,2851.0,2860.0,2833.75,2849.95,322982.0
2024-01-16 09:15:00,NSE:CAMS,2849.95,2866.6499,2820.0,2847.7,295251.0
2024-01-17 09:15:00,NSE:CAMS,2839.0,2872.0,2799.05,2824.0,263893.0
2024-01-18 09:15:00,NSE:CAMS,2805.0,2816.45,2716.1499,2803.1499,284083.0
2024-01-19 09:15:00,NSE:CAMS,2816.0,2828.1001,2777.0,2804.7,172854.0
2024-01-20 09:15:00,NSE:CAMS,2788.0,2838.8,2756.55,2765.7,60975.0
2024-01-23 09:15:00,NSE:CAMS,2781.0,2784.8,2703.1001,2739.95,208855.0
2024-01-24 09:15:00,NSE:CAMS,2701.0,2779.45,2660.6001,2732.8999,822067.0
2024-01-25 09:15:00,NSE:CAMS,2734.95,2765.0,2707.0,2747.2,74779.0
2024-01-29 09:15:00,NSE:CAMS,2715.0,2747.45,2707.7,2742.25,131601.0
2024-01-30 09:15:00,NSE:CAMS,2743.05,2835.0,2743.0,2771.5,295643.0
2024-01-31 09:15:00,NSE:CAMS,2797.95,2934.8501,2785.0,2897.0,686982.0
2024-02-01 09:15:00,NSE:CAMS,2933.75,2933.75,2856.05,2880.05,186804.0
2024-02-02 09:15:00,NSE:CAMS,2880.3999,2927.3999,2871.0,2885.25,283198.0
2024-02-05 09:15:00,NSE:CAMS,2900.0,2960.0,2890.95,2898.3501,336280.0
2024-02-06 09:15:00,NSE:CAMS,2898.3501,2985.0,2892.0,2942.3501,647373.0
2024-02-07 09:15:00,NSE:CAMS,2960.0,2978.8,2828.0,2852.0,456899.0
2024-02-08 09:15:00,NSE:CAMS,2855.0,3024.95,2855.0,2937.8999,591677.0
2024-02-09 09:15:00,NSE:CAMS,2946.05,2981.95,2870.0,2905.25,181926.0
2024-02-12 09:15:00,NSE:CAMS,2929.0,2963.1499,2814.8,2856.8999,230380.0
2024-02-13 09:15:00,NSE:CAMS,2845.2,2867.05,2776.6499,2825.75,264787.0
2024-02-14 09:15:00,NSE:CAMS,2790.0,2851.2,2788.6001,2840.2,111100.0
2024-02-15 09:15:00,NSE:CAMS,2848.0,2920.0,2848.0,2909.5,171850.0
2024-02-16 09:15:00,NSE:CAMS,2915.0,2919.75,2862.1499,2890.1499,113586.0
2024-02-19 09:15:00,NSE:CAMS,2889.0,2901.5,2852.3,2887.45,111997.0
2024-02-20 09:15:00,NSE:CAMS,2894.0,2918.0,2843.2,2861.45,239476.0
2024-02-21 09:15:00,NSE:CAMS,2868.0,3039.95,2863.5,2989.55,798662.0
2024-02-22 09:15:00,NSE:CAMS,3025.0,3035.0,2923.75,2998.0,417838.0
2024-02-23 09:15:00,NSE:CAMS,3004.95,3144.95,3000.05,3113.25,889520.0
2024-02-26 09:15:00,NSE:CAMS,3150.0,3189.0,3086.0,3107.8501,411357.0
2024-02-27 09:15:00,NSE:CAMS,3120.0,3223.0,3110.1001,3138.25,611369.0
2024-02-28 09:15:00,NSE:CAMS,3157.0,3242.0,3060.0,3082.6499,641196.0
2024-02-29 09:15:00,NSE:CAMS,3082.6499,3111.95,2990.1499,3072.1001,472395.0
2024-03-01 09:15:00,NSE:CAMS,3099.0,3149.8999,3083.0,3109.2,239450.0
2024-03-02 09:15:00,NSE:CAMS,3119.95,3148.0,3103.8,3120.1499,23712.0
2024-03-04 09:15:00,NSE:CAMS,3129.0,3134.0,3022.0,3043.8501,248800.0
2024-03-05 09:15:00,NSE:CAMS,3043.0,3074.8999,3000.0,3062.75,145353.0
2024-03-06 09:15:00,NSE:CAMS,3050.0,3050.0,2936.0,2955.95,317310.0
2024-03-07 09:15:00,NSE:CAMS,2975.0,3007.95,2882.2,2901.8999,182025.0
2024-03-11 09:15:00,NSE:CAMS,2903.95,3018.8999,2902.0,3006.45,307906.0
2024-03-12 09:15:00,NSE:CAMS,3000.0,3039.0,2897.8999,2914.2,182309.0
2024-03-13 09:15:00,NSE:CAMS,2914.0,2971.45,2711.0,2744.8999,458153.0
2024-03-14 09:15:00,NSE:CAMS,2739.6001,2905.0,2707.1001,2882.25,172643.0
2024-03-15 09:15:00,NSE:CAMS,2865.05,3049.0,2860.5,2994.8,268725.0
2024-03-18 09:15:00,NSE:CAMS,2995.0,3032.3501,2905.05,2926.6499,192608.0
2024-03-19 09:15:00,NSE:CAMS,2929.0,2929.0,2811.0,2825.3999,149406.0
2024-03-20 09:15:00,NSE:CAMS,2841.1001,2878.0,2813.25,2831.8501,140160.0
2024-03-21 09:15:00,NSE:CAMS,2869.0,2965.0,2860.0,2943.25,151079.0
2024-03-22 09:15:00,NSE:CAMS,2938.8,3136.45,2922.3,3089.1001,796076.0
2024-03-26 09:15:00,NSE:CAMS,3088.0,3088.0,2985.0,3021.3,294070.0
2024-03-27 09:15:00,NSE:CAMS,3049.0,3049.0,2896.0,2920.6001,345041.0
2024-03-28 09:15:00,NSE:CAMS,2939.95,2980.1499,2900.1499,2915.6499,187095.0
2024-04-01 09:15:00,NSE:CAMS,2954.0,3020.0,2942.05,2992.2,142336.0
2024-04-02 09:15:00,NSE:CAMS,3020.0,3225.0,2971.8,3186.2,1342861.0
2024-04-03 09:15:00,NSE:CAMS,3180.0,3180.0,3131.25,3149.0,316439.0
2024-04-04 09:15:00,NSE:CAMS,3149.3501,3184.0,3117.0,3140.3501,326085.0
2024-04-05 09:15:00,NSE:CAMS,3140.0,3175.0,3120.0,3146.75,208287.0
2024-04-08 09:15:00,NSE:CAMS,3150.0,3174.95,3065.0,3069.3999,218457.0
2024-04-09 09:15:00,NSE:CAMS,3084.0,3144.2,2986.0,2997.3999,405596.0
2024-04-10 09:15:00,NSE:CAMS,2999.8,3070.0,2975.3501,3050.1499,408503.0
2024-04-12 09:15:00,NSE:CAMS,3142.0,3223.0,3093.0,3115.45,1189532.0
2024-04-15 09:15:00,NSE:CAMS,3015.0,3073.6001,2985.55,3028.7,300701.0
2024-04-16 09:15:00,NSE:CAMS,3028.7,3160.3501,3010.1001,3113.8,411646.0
2024-04-18 09:15:00,NSE:CAMS,3116.05,3299.95,3113.0,3201.7,1430549.0
2024-04-19 09:15:00,NSE:CAMS,3165.0,3195.0,3110.1001,3151.55,293276.0
2024-04-22 09:15:00,NSE:CAMS,3215.8,3249.2,3176.1499,3238.55,336986.0
2024-04-23 09:15:00,NSE:CAMS,3254.45,3285.3999,3230.3999,3258.6499,243631.0
2024-04-24 09:15:00,NSE:CAMS,3276.0,3340.0,3210.0,3230.1001,316982.0
2024-04-25 09:15:00,NSE:CAMS,3238.0,3265.0,3183.0,3253.3999,214115.0
2024-04-26 09:15:00,NSE:CAMS,3240.0,3277.0,3190.0,3206.5,119989.0
2024-04-29 09:15:00,NSE:CAMS,3230.0,3326.0,3219.7,3291.6499,424255.0
2024-04-30 09:15:00,NSE:CAMS,3276.3999,3295.45,3195.6001,3202.7,177489.0
2024-05-02 09:15:00,NSE:CAMS,3225.0,3316.05,3210.05,3309.55,249943.0
2024-05-03 09:15:00,NSE:CAMS,3333.0,3334.0,3285.0,3298.6499,271404.0
2024-05-06 09:15:00,NSE:CAMS,3336.8501,3367.0,3260.7,3276.95,327936.0
2024-05-07 09:15:00,NSE:CAMS,3303.25,3319.0,3166.0,3180.05,226415.0
2024-05-08 09:15:00,NSE:CAMS,3177.2,3180.0,3114.05,3137.55,147818.0
2024-05-09 09:15:00,NSE:CAMS,3162.3501,3284.95,3080.0,3095.3501,521639.0
2024-05-10 09:15:00,NSE:CAMS,3139.95,3276.0,3133.1499,3207.3999,685888.0
2024-05-13 09:15:00,NSE:CAMS,3181.0,3198.8501,3030.05,3126.45,317050.0
2024-05-14 09:15:00,NSE:CAMS,3149.95,3218.0,3140.6001,3200.3501,127313.0
2024-05-15 09:15:00,NSE:CAMS,3208.0,3324.0,3207.95,3294.8,391060.0
2024-05-16 09:15:00,NSE:CAMS,3329.0,3329.0,3253.95,3285.6001,116565.0
2024-05-17 09:15:00,NSE:CAMS,3307.95,3354.3,3274.1499,3313.7,200028.0
2024-05-18 09:15:00,NSE:CAMS,3320.0,3349.0,3301.0,3316.95,17076.0
2024-05-21 09:15:00,NSE:CAMS,3332.0,3410.0,3307.25,3397.3501,378544.0
2024-05-22 09:15:00,NSE:CAMS,3415.0,3535.0,3390.0,3482.8,602396.0
2024-05-23 09:15:00,NSE:CAMS,3482.8501,3636.45,3477.95,3548.05,594015.0
2024-05-24 09:15:00,NSE:CAMS,3555.0,3577.3,3404.0,3416.3,226630.0
2024-05-27 09:15:00,NSE:CAMS,3440.0,3598.0,3432.3,3526.3501,386494.0
2024-05-28 09:15:00,NSE:CAMS,3540.0,3589.7,3445.0,3456.3,203102.0
2024-05-29 09:15:00,NSE:CAMS,3450.0,3456.0,3340.0,3447.8999,296368.0
2024-05-30 09:15:00,NSE:CAMS,3440.05,3500.0,3391.6499,3461.3501,255640.0
2024-05-31 09:15:00,NSE:CAMS,3500.0,3537.0,3456.25,3480.1001,191144.0
2024-06-03 09:15:00,NSE:CAMS,3600.0,3638.3999,3520.0,3549.6499,320998.0
2024-06-04 09:15:00,NSE:CAMS,3545.05,3545.05,3050.0,3302.6001,397578.0
2024-06-05 09:15:00,NSE:CAMS,3340.0,3458.1499,3151.1001,3442.05,204913.0
2024-06-06 09:15:00,NSE:CAMS,3470.0,3522.5,3365.05,3375.1499,172132.0
2024-06-07 09:15:00,NSE:CAMS,3419.8501,3459.6001,3390.1001,3408.1001,114975.0
2024-06-10 09:15:00,NSE:CAMS,3440.0,3488.0,3408.1001,3447.7,106471.0
2024-06-11 09:15:00,NSE:CAMS,3447.7,3520.0,3423.0,3438.7,132604.0
2024-06-12 09:15:00,NSE:CAMS,3474.95,3650.0,3452.8501,3626.3501,338664.0
2024-06-13 09:15:00,NSE:CAMS,3675.0,3685.95,3576.3501,3665.3501,320303.0
2024-06-14 09:15:00,NSE:CAMS,3640.05,3663.2,3563.25,3577.6001,188666.0
2024-06-18 09:15:00,NSE:CAMS,3610.0,3661.7,3527.6001,3649.25,244567.0
2024-06-19 09:15:00,NSE:CAMS,3684.95,3685.0,3560.0,3571.45,160186.0
2024-06-20 09:15:00,NSE:CAMS,3607.6001,3607.6001,3488.0,3516.2,140675.0
2024-06-21 09:15:00,NSE:CAMS,3519.0,3654.0,3516.1499,3548.8,327647.0
2024-06-24 09:15:00,NSE:CAMS,3540.0,3665.0,3536.0,3656.3501,222698.0
2024-06-25 09:15:00,NSE:CAMS,3720.0,3838.0,3663.25,3684.8,719979.0
2024-06-26 09:15:00,NSE:CAMS,3693.0,3714.6499,3639.0,3649.1499,115904.0
2024-06-27 09:15:00,NSE:CAMS,3652.45,3659.05,3529.25,3551.1001,173710.0
2024-06-28 09:15:00,NSE:CAMS,3574.95,3662.75,3560.0,3612.75,239019.0
2024-07-01 09:15:00,NSE:CAMS,3620.0,3675.0,3601.1001,3653.8999,160678.0
2024-07-02 09:15:00,NSE:CAMS,3727.1001,3770.0,3706.1001,3762.95,343378.0
2024-07-03 09:15:00,NSE:CAMS,3779.8999,3840.0,3763.95,3799.55,171193.0
2024-07-04 09:15:00,NSE:CAMS,3795.95,3829.5,3712.95,3724.95,131275.0
2024-07-05 09:15:00,NSE:CAMS,3730.0,3890.0,3720.0,3765.3,397525.0
2024-07-08 09:15:00,NSE:CAMS,3753.05,3795.1001,3733.3,3762.5,88145.0
2024-07-09 09:15:00,NSE:CAMS,3770.2,4012.0,3770.0,3987.8501,674785.0
2024-07-10 09:15:00,NSE:CAMS,4005.0,4327.75,4000.0,4075.6499,2013637.0
2024-07-11 09:15:00,NSE:CAMS,4153.9502,4173.5,3975.0,4115.6499,477170.0
2024-07-12 09:15:00,NSE:CAMS,4139.0,4229.0,4027.05,4070.25,354359.0
2024-07-15 09:15:00,NSE:CAMS,4050.0,4098.9502,4011.0,4037.0,145285.0
2024-07-16 09:15:00,NSE:CAMS,4054.95,4256.0,4048.1499,4245.0,596704.0
2024-07-18 09:15:00,NSE:CAMS,4255.0,4319.7998,4146.0,4170.5498,355549.0
2024-07-19 09:15:00,NSE:CAMS,4167.0498,4176.3999,4051.0,4128.9502,179638.0
2024-07-22 09:15:00,NSE:CAMS,4100.0,4155.0,4042.5,4054.8,131868.0
2024-07-23 09:15:00,NSE:CAMS,4062.0,4248.6001,3777.0,4051.3501,772670.0
2024-07-24 09:15:00,NSE:CAMS,4044.0,4125.0,4015.95,4071.3999,136120.0
2024-07-25 09:15:00,NSE:CAMS,4030.0,4071.7,4005.1499,4036.8,126224.0
2024-07-26 09:15:00,NSE:CAMS,4048.0,4085.0,4001.0,4031.75,107096.0
2024-07-29 09:15:00,NSE:CAMS,4031.75,4320.0,4031.75,4284.6001,493685.0
2024-07-30 09:15:00,NSE:CAMS,4292.0,4725.0,4290.0,4695.0498,2391236.0
2024-07-31 09:15:00,NSE:CAMS,4666.8999,4910.0,4484.0,4534.2002,1413242.0
2024-08-01 09:15:00,NSE:CAMS,4525.0,4525.0,4395.1001,4414.2998,417581.0
2024-08-02 09:15:00,NSE:CAMS,4369.0498,4435.6499,4340.2002,4368.5,458252.0
2024-08-05 09:15:00,NSE:CAMS,4310.0,4311.0,3913.25,3991.1499,958853.0
2024-08-06 09:15:00,NSE:CAMS,4004.0,4081.3,3850.0,3880.1499,856608.0
2024-08-07 09:15:00,NSE:CAMS,4038.0,4214.0,3980.0,4133.9502,1632840.0
2024-08-08 09:15:00,NSE:CAMS,4208.5,4376.2002,4170.8501,4254.5498,1061607.0
2024-08-09 09:15:00,NSE:CAMS,4340.0,4440.0,4322.7002,4370.75,600288.0
2024-08-12 09:15:00,NSE:CAMS,4350.0,4400.1001,4220.5498,4261.1001,411217.0
2024-08-13 09:15:00,NSE:CAMS,4265.0,4329.0,4080.0,4123.8501,329880.0
2024-08-14 09:15:00,NSE:CAMS,4178.8501,4253.8999,4091.1499,4168.75,392422.0
2024-08-16 09:15:00,NSE:CAMS,4166.4502,4325.0,4160.0498,4272.7002,434508.0
2024-08-19 09:15:00,NSE:CAMS,4390.0,4638.0,4313.25,4546.8999,1257066.0
2024-08-20 09:15:00,NSE:CAMS,4598.6001,4638.8999,4400.0,4410.0498,474648.0
2024-08-21 09:15:00,NSE:CAMS,4442.0,4540.0,4395.3501,4488.8999,354671.0
2024-08-22 09:15:00,NSE:CAMS,4518.0,4556.8999,4352.5498,4387.8999,319859.0
2024-08-23 09:15:00,NSE:CAMS,4413.0,4460.0,4380.1001,4449.2998,221929.0
2024-08-26 09:15:00,NSE:CAMS,4434.0,4575.2002,4396.0,4434.2002,359301.0
2024-08-27 09:15:00,NSE:CAMS,4430.0,4430.0,4365.0,4378.0498,205496.0
2024-08-28 09:15:00,NSE:CAMS,4418.0,4439.9502,4325.7998,4337.9502,189642.0
2024-08-29 09:15:00,NSE:CAMS,4346.8999,4418.8999,4309.0,4336.2002,150538.0
2024-08-30 09:15:00,NSE:CAMS,4366.9502,4389.0,4218.3501,4261.25,170411.0
2024-09-02 09:15:00,NSE:CAMS,4300.0,4449.0,4273.8501,4418.1001,296302.0
2024-09-03 09:15:00,NSE:CAMS,4444.0,4444.0,4360.0,4378.8999,126821.0
2024-09-04 09:15:00,NSE:CAMS,4335.0,4509.0,4312.8999,4436.3501,335076.0
2024-09-05 09:15:00,NSE:CAMS,4465.0,4503.0,4404.0498,4417.75,236734.0
2024-09-06 09:15:00,NSE:CAMS,4449.0,4449.0,4328.0,4340.75,122622.0
2024-09-09 09:15:00,NSE:CAMS,4321.0,4339.9,4234.6,4247.95,134259.0
2024-09-10 09:15:00,NSE:CAMS,4285.0,4298.0,4240.0,4252.2,128634.0
2024-09-11 09:15:00,NSE:CAMS,4300.0,4433.25,4292.9,4370.6,473950.0
2024-09-12 09:15:00,NSE:CAMS,4407.0,4424.0,4375.0,4411.1,122320.0
2024-09-13 09:15:00,NSE:CAMS,4429.0,4463.65,4375.05,4401.25,103345.0
2024-09-16 09:15:00,NSE:CAMS,4417.0,4544.0,4377.15,4520.3,425294.0
2024-09-17 09:15:00,NSE:CAMS,4533.95,4595.0,4454.9,4517.1,254620.0
2024-09-18 09:15:00,NSE:CAMS,4525.0,4592.45,4488.45,4526.1,234979.0
2024-09-19 09:15:00,NSE:CAMS,4569.0,4579.0,4360.1,4424.65,302339.0
2024-09-20 09:15:00,NSE:CAMS,4455.0,4532.55,4436.0,4459.6,232335.0
2024-09-23 09:15:00,NSE:CAMS,4523.0,4773.75,4500.0,4611.4,1315365.0
2024-09-24 09:15:00,NSE:CAMS,4611.4,4624.95,4511.0,4527.8,234978.0
2024-09-25 09:15:00,NSE:CAMS,4530.0,4535.0,4411.0,4423.4,201006.0
2024-09-26 09:15:00,NSE:CAMS,4545.0,4557.0,4426.6,4475.95,660105.0
2024-09-27 09:15:00,NSE:CAMS,4475.0,4568.0,4421.0,4454.95,284159.0
2024-09-30 09:15:00,NSE:CAMS,4455.0,4479.0,4400.0,4409.1,192150.0
2024-10-01 09:15:00,NSE:CAMS,4420.0,4599.0,4420.0,4580.2,359687.0
2024-10-03 09:15:00,NSE:CAMS,4479.95,4558.0,4411.0,4422.4,270543.0
2024-10-04 09:15:00,NSE:CAMS,4412.95,4439.0,4245.3,4266.5,292643.0
2024-10-07 09:15:00,NSE:CAMS,4266.0,4305.0,4050.0,4109.05,315281.0
2024-10-08 09:15:00,NSE:CAMS,4125.0,4447.95,4082.9,4410.35,454223.0
2024-10-09 09:15:00,NSE:CAMS,4399.95,4440.0,4370.05,4410.35,169139.0
2024-10-10 09:15:00,NSE:CAMS,4442.0,4528.95,4405.55,4490.45,205033.0
2024-10-11 09:15:00,NSE:CAMS,4517.45,4589.0,4461.3,4511.25,253809.0
2024-10-14 09:15:00,NSE:CAMS,4530.0,4674.0,4401.9,4600.6,609366.0
2024-10-15 09:15:00,NSE:CAMS,4630.0,4738.2,4594.8,4626.3,368895.0
2024-10-16 09:15:00,NSE:CAMS,4606.05,4910.0,4592.0,4836.55,1207042.0
2024-10-17 09:15:00,NSE:CAMS,4893.65,4969.85,4801.35,4851.65,956372.0
2024-10-18 09:15:00,NSE:CAMS,4830.0,4846.65,4652.0,4742.0,450472.0
2024-10-21 09:15:00,NSE:CAMS,4742.0,4798.0,4631.45,4644.7,355443.0
2024-10-22 09:15:00,NSE:CAMS,4649.0,4660.0,4386.65,4400.45,369810.0
2024-10-23 09:15:00,NSE:CAMS,4393.0,4641.6,4334.75,4560.25,475604.0
2024-10-24 09:15:00,NSE:CAMS,4562.95,4600.0,4458.4,4500.6,173348.0
2024-10-25 09:15:00,NSE:CAMS,4509.8,4567.2,4291.05,4315.5,233780.0
2024-10-28 09:15:00,NSE:CAMS,4355.45,4389.0,4250.05,4276.25,386326.0
2024-10-29 09:15:00,NSE:CAMS,4305.0,4377.3,4206.0,4331.15,215140.0
2024-10-30 09:15:00,NSE:CAMS,4328.75,4445.0,4290.1,4381.8,190723.0
2024-10-31 09:15:00,NSE:CAMS,4385.0,4517.0,4328.75,4443.7,289323.0
2024-11-01 18:00:00,NSE:CAMS,4488.0,4527.9,4460.25,4518.7,42129.0
2024-11-04 09:15:00,NSE:CAMS,4530.0,4787.25,4505.0,4542.65,1135535.0
2024-11-05 09:15:00,NSE:CAMS,4550.0,4611.0,4505.55,4564.6,233238.0
2024-11-06 09:15:00,NSE:CAMS,4594.0,4690.5,4564.0,4672.65,344135.0
2024-11-07 09:15:00,NSE:CAMS,4695.95,4755.95,4642.05,4662.5,228536.0
2024-11-08 09:15:00,NSE:CAMS,4662.0,4785.0,4655.0,4673.85,315855.0
2024-11-11 09:15:00,NSE:CAMS,4676.0,4769.9,4620.0,4720.1,214031.0
2024-11-12 09:15:00,NSE:CAMS,4746.0,4892.2,4656.55,4681.7,439487.0
2024-11-13 09:15:00,NSE:CAMS,4670.0,4706.25,4471.0,4492.3,310748.0
2024-11-14 09:15:00,NSE:CAMS,4504.95,4649.95,4504.95,4581.95,262219.0
2024-11-18 09:15:00,NSE:CAMS,4618.0,4618.0,4451.0,4495.25,191325.0
2024-11-19 09:15:00,NSE:CAMS,4523.0,4635.0,4510.6,4538.1,214155.0
2024-11-21 09:15:00,NSE:CAMS,4510.0,4569.7,4456.0,4532.85,169796.0
2024-11-22 09:15:00,NSE:CAMS,4550.0,4573.9,4420.0,4449.35,290935.0
2024-11-25 09:15:00,NSE:CAMS,4510.0,4579.95,4465.15,4544.95,214213.0
2024-11-26 09:15:00,NSE:CAMS,4569.0,4781.7,4568.95,4751.6,411779.0
2024-11-27 09:15:00,NSE:CAMS,4770.0,4998.75,4725.55,4850.05,720132.0
2024-11-28 09:15:00,NSE:CAMS,4870.95,5012.8,4852.0,4893.35,499360.0
2024-11-29 09:15:00,NSE:CAMS,4915.9,5098.8,4906.0,4928.4,820307.0
2024-12-02 09:15:00,NSE:CAMS,4975.0,5145.0,4970.0,5102.3,914303.0
2024-12-03 09:15:00,NSE:CAMS,5120.0,5144.9,5007.0,5120.2,431127.0
2024-12-04 09:15:00,NSE:CAMS,5115.0,5204.55,5104.1,5181.75,397131.0
2024-12-05 09:15:00,NSE:CAMS,5199.0,5360.5,5140.05,5244.15,994656.0
2024-12-06 09:15:00,NSE:CAMS,5256.35,5272.25,5057.3,5069.6,668847.0
2024-12-09 09:15:00,NSE:CAMS,5069.6,5315.0,5022.05,5269.5,746803.0
2024-12-10 09:15:00,NSE:CAMS,5284.0,5289.0,5164.35,5211.15,338165.0
2024-12-11 09:15:00,NSE:CAMS,5209.1,5301.0,5201.0,5222.05,365295.0
2024-12-12 09:15:00,NSE:CAMS,5250.0,5367.5,5238.7,5276.2,617394.0
2024-12-13 09:15:00,NSE:CAMS,5276.2,5286.0,5133.0,5186.85,369055.0
2024-12-16 09:15:00,NSE:CAMS,5194.35,5228.0,5141.0,5214.95,216485.0
2024-12-17 09:15:00,NSE:CAMS,5190.0,5246.35,5110.0,5135.65,317281.0
2024-12-18 09:15:00,NSE:CAMS,5144.0,5167.45,5071.0,5131.2,199759.0
2024-12-19 09:15:00,NSE:CAMS,4972.45,5148.5,4951.0,5113.45,363099.0
2024-12-20 09:15:00,NSE:CAMS,5144.9,5185.85,4934.0,4951.0,303247.0
2024-12-23 09:15:00,NSE:CAMS,4960.0,5017.45,4840.0,4903.0,261277.0
2024-12-24 09:15:00,NSE:CAMS,4890.0,4937.25,4847.0,4928.7,153587.0
2024-12-26 09:15:00,NSE:CAMS,4940.0,4997.0,4870.0,4964.0,145046.0
2024-12-27 09:15:00,NSE:CAMS,5008.0,5096.0,4971.0,5041.75,271323.0
2024-12-30 09:15:00,NSE:CAMS,5016.15,5111.0,4976.0,5072.2,432216.0
2024-12-31 09:15:00,NSE:CAMS,5066.95,5099.9,4863.6,5075.4,391107.0
2025-01-01 09:15:00,NSE:CAMS,5010.2,5149.65,4973.6,5098.75,286808.0
2025-01-02 09:15:00,NSE:CAMS,5137.95,5215.0,5072.3,5203.3,475615.0
2025-01-03 09:15:00,NSE:CAMS,5198.05,5287.85,5085.25,5096.05,398747.0
2025-01-06 09:15:00,NSE:CAMS,5092.45,5126.95,4837.95,4852.6,334884.0
2025-01-07 09:15:00,NSE:CAMS,4868.0,4969.0,4840.4,4878.8,244811.0
2025-01-08 09:15:00,NSE:CAMS,4899.9,4929.25,4700.0,4707.95,382806.0
2025-01-09 09:15:00,NSE:CAMS,4707.0,4765.0,4651.2,4662.0,233968.0
2025-01-10 09:15:00,NSE:CAMS,4660.05,4695.65,4503.05,4522.75,268747.0
2025-01-13 09:15:00,NSE:CAMS,4464.0,4519.45,4242.0,4281.85,452427.0
2025-01-14 09:15:00,NSE:CAMS,4320.0,4395.0,4204.0,4219.6,370586.0
2025-01-15 09:15:00,NSE:CAMS,4278.2,4380.0,4242.0,4305.4,427182.0
2025-01-16 09:15:00,NSE:CAMS,4350.0,4529.0,4350.0,4444.15,534221.0
2025-01-17 09:15:00,NSE:CAMS,4470.0,4510.0,4313.85,4418.1,253420.0
2025-01-20 09:15:00,NSE:CAMS,4420.0,4460.0,4375.05,4430.95,161291.0
2025-01-21 09:15:00,NSE:CAMS,4499.4,4520.0,4230.0,4248.05,392080.0
2025-01-22 09:15:00,NSE:CAMS,4250.0,4257.05,3976.0,4075.25,602893.0
2025-01-23 09:15:00,NSE:CAMS,4075.25,4187.65,4030.1,4159.25,525391.0
2025-01-24 09:15:00,NSE:CAMS,4150.0,4284.6,4078.65,4101.1,332673.0
2025-01-27 09:15:00,NSE:CAMS,4059.0,4059.0,3778.65,3808.65,837179.0
2025-01-28 09:15:00,NSE:CAMS,3840.0,3863.95,3647.95,3720.4,649752.0
2025-01-29 09:15:00,NSE:CAMS,3740.0,4012.9,3710.4,3944.9,1112274.0
2025-01-30 09:15:00,NSE:CAMS,3984.0,3989.8,3590.5,3637.2,1705426.0
2025-01-31 09:15:00,NSE:CAMS,3660.0,3667.0,3550.0,3603.5,812339.0
2025-02-01 09:15:00,NSE:CAMS,3619.95,3707.85,3471.35,3537.3,660530.0
2025-02-03 09:15:00,NSE:CAMS,3530.2,3573.95,3382.0,3398.0,646917.0
2025-02-04 09:15:00,NSE:CAMS,3429.0,3528.2,3411.1,3513.85,683646.0
2025-02-05 09:15:00,NSE:CAMS,3540.0,3798.0,3531.6,3748.75,1322982.0
2025-02-06 09:15:00,NSE:CAMS,3770.05,3774.0,3643.45,3662.5,736179.0
2025-02-07 09:15:00,NSE:CAMS,3682.95,3740.05,3629.0,3663.05,554924.0
2025-02-10 09:15:00,NSE:CAMS,3663.0,3669.9,3500.0,3526.75,371179.0
2025-02-11 09:15:00,NSE:CAMS,3520.0,3529.8,3360.0,3378.35,555628.0
2025-02-12 09:15:00,NSE:CAMS,3378.35,3552.95,3301.05,3528.0,859238.0
2025-02-13 09:15:00,NSE:CAMS,3528.0,3539.95,3401.0,3410.2,447275.0
2025-02-14 09:15:00,NSE:CAMS,3438.8,3456.2,3312.0,3375.35,345250.0
2025-02-17 09:15:00,NSE:CAMS,3338.0,3417.9,3275.0,3381.8,592513.0
2025-02-18 09:15:00,NSE:CAMS,3381.8,3391.45,3252.25,3278.0,439551.0
2025-02-19 09:15:00,NSE:CAMS,3250.0,3433.0,3206.65,3371.05,485674.0
2025-02-20 09:15:00,NSE:CAMS,3350.0,3485.75,3316.55,3439.15,511643.0
2025-02-21 09:15:00,NSE:CAMS,3439.95,3545.0,3404.0,3427.5,624064.0
2025-02-24 09:15:00,NSE:CAMS,3378.7,3447.7,3344.75,3417.75,364315.0
2025-02-25 09:15:00,NSE:CAMS,3408.55,3422.95,3315.5,3345.15,363358.0
2025-02-27 09:15:00,NSE:CAMS,3358.0,3379.0,3246.5,3257.75,352465.0
2025-02-28 09:15:00,NSE:CAMS,3206.95,3227.4,3126.0,3143.1,586964.0
2025-03-03 09:15:00,NSE:CAMS,3162.05,3198.0,3031.05,3134.0,527204.0
2025-03-04 09:15:00,NSE:CAMS,3115.0,3172.0,3077.2,3138.0,332941.0
2025-03-05 09:15:00,NSE:CAMS,3130.0,3203.6,3107.2,3195.3,429235.0
2025-03-06 09:15:00,NSE:CAMS,3247.65,3322.0,3210.5,3302.65,611517.0
2025-03-07 09:15:00,NSE:CAMS,3311.0,3383.0,3287.45,3365.7,639238.0
2025-03-10 09:15:00,NSE:CAMS,3370.0,3437.5,3331.15,3347.75,639678.0
2025-03-11 09:15:00,NSE:CAMS,3300.0,3388.5,3263.35,3364.55,401303.0
2025-03-12 09:15:00,NSE:CAMS,3374.55,3408.95,3289.25,3323.8,486688.0
2025-03-13 09:15:00,NSE:CAMS,3344.0,3452.75,3288.05,3410.1,715052.0
2025-03-17 09:15:00,NSE:CAMS,3449.8,3518.65,3409.5,3425.25,675639.0
2025-03-18 09:15:00,NSE:CAMS,3450.0,3620.0,3443.0,3602.2,689444.0
2025-03-19 09:15:00,NSE:CAMS,3639.95,3830.0,3619.1,3815.95,1005899.0
2025-03-20 09:15:00,NSE:CAMS,3848.0,3857.0,3680.8,3706.2,726958.0
2025-03-21 09:15:00,NSE:CAMS,3719.0,3849.0,3691.6,3815.7,791326.0
2025-03-24 09:15:00,NSE:CAMS,3834.0,3877.85,3795.0,3812.4,442744.0
2025-03-25 09:15:00,NSE:CAMS,3810.0,3810.0,3650.0,3657.75,614606.0
2025-03-26 09:15:00,NSE:CAMS,3657.75,3733.0,3619.05,3684.55,547890.0
2025-03-27 09:15:00,NSE:CAMS,3659.0,3741.9,3652.6,3687.9,537592.0
2025-03-28 09:15:00,NSE:CAMS,3706.0,3814.1,3700.05,3723.35,694228.0
2025-04-01 09:15:00,NSE:CAMS,3712.0,3772.0,3640.0,3671.25,321355.0
2025-04-02 09:15:00,NSE:CAMS,3671.25,3780.0,3630.6,3756.75,329115.0
2025-04-03 09:15:00,NSE:CAMS,3749.0,3834.0,3682.3,3823.3,377309.0
2025-04-04 09:15:00,NSE:CAMS,3801.4,3824.95,3650.05,3683.3,484031.0
2025-04-07 09:15:00,NSE:CAMS,3350.0,3583.0,3350.0,3528.85,506010.0
2025-04-08 09:15:00,NSE:CAMS,3640.0,3694.25,3550.5,3573.0,341221.0
2025-04-09 09:15:00,NSE:CAMS,3573.0,3627.0,3507.1,3590.2,288092.0
2025-04-11 09:15:00,NSE:CAMS,3693.2,3733.5,3593.05,3716.7,437864.0
2025-04-15 09:15:00,NSE:CAMS,3790.0,3847.0,3752.5,3832.9,418243.0
2025-04-16 09:15:00,NSE:CAMS,3844.8,3911.5,3834.0,3894.4,464822.0
2025-04-17 09:15:00,NSE:CAMS,3900.0,3941.8,3837.7,3882.5,427656.0
2025-04-21 09:15:00,NSE:CAMS,3919.0,4036.0,3900.0,4000.8,492565.0
2025-04-22 09:15:00,NSE:CAMS,4019.0,4124.2,3990.0,4005.1,591117.0
2025-04-23 09:15:00,NSE:CAMS,4038.0,4115.0,3992.3,4102.0,435319.0
2025-04-24 09:15:00,NSE:CAMS,4110.0,4127.0,4028.4,4045.9,444362.0
2025-04-25 09:15:00,NSE:CAMS,4058.5,4097.9,3890.0,3938.1,494714.0
2025-04-28 09:15:00,NSE:CAMS,3934.0,3974.8,3900.0,3944.1,206250.0
2025-04-29 09:15:00,NSE:CAMS,3964.8,4038.2,3955.5,3999.8,253569.0
2025-04-30 09:15:00,NSE:CAMS,4000.0,4020.0,3883.3,3906.3,250408.0
2025-05-02 09:15:00,NSE:CAMS,3906.3,3935.0,3825.0,3843.5,223499.0
2025-05-05 09:15:00,NSE:CAMS,3860.0,3860.8,3775.0,3807.8,405759.0
2025-05-06 09:15:00,NSE:CAMS,3801.0,3895.7,3600.0,3607.9,1305600.0
2025-05-07 09:15:00,NSE:CAMS,3550.0,3669.2,3550.0,3642.7,806007.0
2025-05-08 09:15:00,NSE:CAMS,3645.0,3792.0,3552.0,3569.2,981124.0
2025-05-09 09:15:00,NSE:CAMS,3475.0,3520.0,3415.0,3479.6,1022585.0
2025-05-12 09:15:00,NSE:CAMS,3640.5,3680.0,3604.6,3671.6,673448.0
2025-05-13 09:15:00,NSE:CAMS,3677.9,3680.0,3606.4,3626.2,434817.0
2025-05-14 09:15:00,NSE:CAMS,3650.0,3660.0,3610.5,3649.0,362580.0
2025-05-15 09:15:00,NSE:CAMS,3660.0,3735.0,3640.0,3726.4,491241.0
2025-05-16 09:15:00,NSE:CAMS,3751.0,3929.0,3737.0,3890.9,880991.0
2025-05-19 09:15:00,NSE:CAMS,3904.0,3987.9,3882.5,3951.6,495500.0
2025-05-20 09:15:00,NSE:CAMS,3961.1,3968.9,3851.3,3867.0,351640.0
2025-05-21 09:15:00,NSE:CAMS,3854.1,3924.0,3838.6,3887.5,241324.0
2025-05-22 09:15:00,NSE:CAMS,3889.0,3943.7,3847.9,3882.6,297645.0
2025-05-23 09:15:00,NSE:CAMS,3905.0,3908.4,3849.6,3884.5,392855.0
2025-05-26 09:15:00,NSE:CAMS,3889.6,3989.0,3889.6,3977.7,403184.0
2025-05-27 09:15:00,NSE:CAMS,4010.0,4015.0,3953.0,3976.4,355913.0
2025-05-28 09:15:00,NSE:CAMS,3980.0,4041.7,3975.0,3982.4,335592.0
2025-05-29 09:15:00,NSE:CAMS,4009.8,4020.0,3953.3,3972.7,188759.0
2025-05-30 09:15:00,NSE:CAMS,3971.9,4036.8,3946.0,3961.1,351803.0
2025-06-02 09:15:00,NSE:CAMS,3960.0,4170.0,3921.0,4139.2,1427290.0
2025-06-03 09:15:00,NSE:CAMS,4193.0,4247.0,4141.1,4194.4,1429249.0
2025-06-04 09:15:00,NSE:CAMS,4199.0,4222.0,4105.2,4173.4,511172.0
2025-06-05 09:15:00,NSE:CAMS,4194.0,4270.0,4171.0,4248.3,877563.0
2025-06-06 09:15:00,NSE:CAMS,4275.0,4317.0,4228.3,4262.1,797136.0
2025-06-09 09:15:00,NSE:CAMS,4294.0,4324.4,4249.0,4271.3,443747.0
2025-06-10 09:15:00,NSE:CAMS,4289.9,4330.0,4250.0,4261.1,350539.0
2025-06-11 09:15:00,NSE:CAMS,4250.1,4329.9,4180.2,4228.8,650139.0
2025-06-12 09:15:00,NSE:CAMS,4237.0,4254.5,4058.5,4072.7,521222.0
2025-06-13 09:15:00,NSE:CAMS,3930.0,4005.8,3926.0,3980.7,537298.0
2025-06-16 09:15:00,NSE:CAMS,3980.7,4127.8,3904.4,4118.9,508484.0
2025-06-17 09:15:00,NSE:CAMS,4118.9,4247.0,4096.3,4181.4,861312.0
2025-06-18 09:15:00,NSE:CAMS,4181.0,4198.0,4121.1,4146.1,321584.0
2025-06-19 09:15:00,NSE:CAMS,4131.0,4145.2,3991.0,4014.8,418951.0
2025-06-20 09:15:00,NSE:CAMS,4020.0,4199.0,4020.0,4167.4,630921.0
2025-06-23 09:15:00,NSE:CAMS,4155.0,4244.0,4114.6,4203.5,566572.0
2025-06-24 09:15:00,NSE:CAMS,4259.0,4314.0,4219.5,4227.0,557835.0
2025-06-25 09:15:00,NSE:CAMS,4240.0,4325.0,4217.0,4224.2,619050.0
2025-06-26 09:15:00,NSE:CAMS,4240.2,4255.0,4150.0,4212.8,532397.0
2025-06-27 09:15:00,NSE:CAMS,4234.7,4334.0,4218.7,4292.9,634902.0
2025-06-30 09:15:00,NSE:CAMS,4313.0,4375.0,4278.0,4290.2,589571.0
2025-07-01 09:15:00,NSE:CAMS,4314.0,4318.3,4232.0,4243.1,355443.0
2025-07-02 09:15:00,NSE:CAMS,4243.1,4284.0,4219.0,4231.0,177377.0
2025-07-03 09:15:00,NSE:CAMS,4240.0,4273.2,4232.6,4258.4,165606.0
2025-07-04 09:15:00,NSE:CAMS,4258.0,4282.1,4170.6,4231.8,269209.0
2025-07-07 09:15:00,NSE:CAMS,4212.2,4214.9,4135.0,4142.0,299909.0
2025-07-08 09:15:00,NSE:CAMS,4143.0,4165.7,4090.5,4121.8,494117.0
2025-07-09 09:15:00,NSE:CAMS,4144.0,4201.4,4111.4,4190.8,495037.0
2025-07-10 09:15:00,NSE:CAMS,4207.0,4249.0,4171.8,4187.9,254430.0
2025-07-11 09:15:00,NSE:CAMS,4189.0,4189.0,4025.0,4069.6,673573.0
2025-07-14 09:15:00,NSE:CAMS,4084.9,4168.0,4065.2,4127.5,346737.0
2025-07-15 09:15:00,NSE:CAMS,4127.0,4262.5,4121.0,4248.4,499170.0
2025-07-16 09:15:00,NSE:CAMS,4250.0,4289.0,4190.9,4207.2,254303.0
2025-07-17 09:15:00,NSE:CAMS,4214.2,4276.0,4212.1,4239.6,222467.0
2025-07-18 09:15:00,NSE:CAMS,4238.5,4265.0,4202.5,4211.5,179497.0
2025-07-21 09:15:00,NSE:CAMS,4211.6,4254.0,4183.0,4247.7,167287.0
2025-07-22 09:15:00,NSE:CAMS,4263.9,4263.9,4200.0,4247.5,230608.0
2025-07-23 09:15:00,NSE:CAMS,4251.0,4258.0,4191.0,4242.0,190695.0
2025-07-24 09:15:00,NSE:CAMS,4242.0,4242.0,4171.1,4196.7,242942.0
2025-07-25 09:15:00,NSE:CAMS,4191.5,4191.5,4026.9,4034.3,368790.0
2025-07-28 09:15:00,NSE:CAMS,3999.0,4025.5,3882.0,3896.1,393757.0
2025-07-29 09:15:00,NSE:CAMS,3889.0,3951.7,3872.0,3915.6,286479.0
2025-07-30 09:15:00,NSE:CAMS,3924.9,3938.5,3883.0,3890.2,275882.0
2025-07-31 09:15:00,NSE:CAMS,3773.4,3797.8,3685.4,3736.8,996782.0
2025-08-01 09:15:00,NSE:CAMS,3737.0,3748.8,3636.1,3644.4,557332.0
2025-08-04 09:15:00,NSE:CAMS,3660.0,3820.0,3632.4,3798.7,962269.0
2025-08-05 09:15:00,NSE:CAMS,3791.9,3823.6,3742.0,3796.6,551606.0
2025-08-06 09:15:00,NSE:CAMS,3797.8,3848.0,3764.8,3816.4,385667.0
2025-08-07 09:15:00,NSE:CAMS,3794.0,3834.4,3736.1,3818.9,313562.0
2025-08-08 09:15:00,NSE:CAMS,3818.0,3835.0,3735.1,3745.0,267753.0
2025-08-11 09:15:00,NSE:CAMS,3743.1,3804.6,3705.1,3798.1,273893.0
2025-08-12 09:15:00,NSE:CAMS,3814.0,3818.8,3760.0,3769.0,249739.0
2025-08-13 09:15:00,NSE:CAMS,3804.9,3886.7,3789.7,3821.4,612177.0
2025-08-14 09:15:00,NSE:CAMS,3838.2,3892.0,3830.0,3868.6,347043.0
2025-08-18 09:15:00,NSE:CAMS,3915.0,3918.0,3834.8,3896.8,621979.0
2025-08-19 09:15:00,NSE:CAMS,3897.0,3897.0,3820.0,3835.8,228874.0
2025-08-20 09:15:00,NSE:CAMS,3840.9,3859.7,3815.4,3841.8,180894.0
2025-08-21 09:15:00,NSE:CAMS,3870.0,3920.0,3853.0,3895.4,527787.0
2025-08-22 09:15:00,NSE:CAMS,3898.0,3917.0,3882.0,3905.0,250655.0
2025-08-25 09:15:00,NSE:CAMS,3908.9,3923.9,3832.0,3839.6,244820.0
2025-08-26 09:15:00,NSE:CAMS,3833.0,3843.9,3721.0,3726.2,281776.0
2025-08-28 09:15:00,NSE:CAMS,3726.2,3730.0,3650.0,3657.7,378392.0
2025-08-29 09:15:00,NSE:CAMS,3654.9,3758.9,3645.0,3705.2,334539.0
2025-09-01 09:15:00,NSE:CAMS,3722.9,3850.0,3712.1,3839.8,254665.0
2025-09-02 09:15:00,NSE:CAMS,3867.9,3867.9,3772.1,3802.0,248745.0
2025-09-03 09:15:00,NSE:CAMS,3817.7,3825.0,3791.5,3803.6,151092.0
2025-09-04 09:15:00,NSE:CAMS,3852.4,3852.4,3757.0,3764.7,255679.0
2025-09-05 09:15:00,NSE:CAMS,3780.0,3848.0,3776.9,3832.4,235542.0
2025-09-08 09:15:00,NSE:CAMS,3850.0,3877.1,3830.2,3845.3,108605.0
2025-09-09 09:15:00,NSE:CAMS,3854.9,3886.2,3845.3,3852.6,141774.0
2025-09-10 09:15:00,NSE:CAMS,3861.0,3909.0,3861.0,3891.1,156572.0
2025-09-11 09:15:00,NSE:CAMS,3908.9,3921.0,3838.0,3850.5,234882.0
2025-09-12 09:15:00,NSE:CAMS,3867.9,3889.3,3826.5,3858.8,194265.0
2025-09-15 09:15:00,NSE:CAMS,3865.0,3879.9,3831.4,3859.9,184303.0
2025-09-16 09:15:00,NSE:CAMS,3872.0,3899.1,3852.5,3890.3,189786.0
2025-09-17 09:15:00,NSE:CAMS,3907.0,4029.3,3882.2,4013.7,531586.0
2025-09-18 09:15:00,NSE:CAMS,4040.0,4084.8,4020.1,4075.2,699731.0
2025-09-19 09:15:00,NSE:CAMS,4095.0,4147.0,4072.1,4100.9,457702.0
2025-09-22 09:15:00,NSE:CAMS,4100.9,4116.0,4002.0,4014.0,294882.0
2025-09-23 09:15:00,NSE:CAMS,4014.0,4041.8,3964.6,3986.1,210754.0
2025-09-24 09:15:00,NSE:CAMS,3980.0,3987.3,3875.9,3883.1,242028.0
2025-09-25 09:15:00,NSE:CAMS,3881.7,3944.9,3857.1,3868.4,206346.0
2025-09-26 09:15:00,NSE:CAMS,3858.0,3865.0,3786.0,3800.0,195526.0
2025-09-29 09:15:00,NSE:CAMS,3800.0,3827.3,3775.0,3785.4,175990.0
2025-09-30 09:15:00,NSE:CAMS,3785.4,3799.0,3716.1,3758.6,237625.0
2025-10-01 09:15:00,NSE:CAMS,3740.0,3835.0,3724.7,3823.2,340944.0
2025-10-03 09:15:00,NSE:CAMS,3858.0,3865.0,3788.5,3811.3,242553.0
2025-10-06 09:15:00,NSE:CAMS,3827.8,3855.9,3792.2,3825.5,400368.0
2025-10-07 09:15:00,NSE:CAMS,3844.2,3908.6,3790.0,3800.6,645663.0
2025-10-08 09:15:00,NSE:CAMS,3820.0,3831.0,3766.6,3780.1,239314.0
2025-10-09 09:15:00,NSE:CAMS,3782.0,3840.0,3771.5,3831.1,197286.0
2025-10-10 09:15:00,NSE:CAMS,3849.0,3888.0,3841.1,3860.8,339052.0
2025-10-13 09:15:00,NSE:CAMS,3875.0,3888.0,3825.0,3868.3,520894.0
2025-10-14 09:15:00,NSE:CAMS,3887.2,3924.0,3770.0,3780.0,469567.0
2025-10-15 09:15:00,NSE:CAMS,3800.0,3867.0,3792.0,3836.2,277047.0
2025-10-16 09:15:00,NSE:CAMS,3850.0,3885.0,3824.7,3830.8,284210.0
2025-10-17 09:15:00,NSE:CAMS,3837.5,3864.8,3787.0,3795.7,288960.0
2025-10-20 09:15:00,NSE:CAMS,3825.0,3838.2,3789.9,3828.1,160181.0
2025-10-21 13:45:00,NSE:CAMS,3840.0,3855.0,3828.2,3838.0,61695.0
2025-10-23 09:15:00,NSE:CAMS,3855.0,3890.0,3822.6,3873.4,294023.0
2025-10-24 09:15:00,NSE:CAMS,3880.0,3912.6,3866.2,3880.2,412374.0
2025-10-27 09:15:00,NSE:CAMS,3884.0,3977.8,3882.0,3965.4,491553.0
2025-10-28 09:15:00,NSE:CAMS,3980.0,4020.0,3966.0,3985.2,388568.0
2025-10-29 09:15:00,NSE:CAMS,3885.0,3885.0,3718.1,3855.5,1373940.0
2025-10-30 09:15:00,NSE:CAMS,3874.3,3980.0,3860.0,3957.1,663840.0
2025-10-31 09:15:00,NSE:CAMS,3965.0,3975.0,3914.4,3941.3,266911.0
2025-11-03 09:15:00,NSE:CAMS,3924.1,3932.6,3877.4,3897.4,248008.0
2025-11-04 09:15:00,NSE:CAMS,3897.4,3899.9,3790.0,3801.1,281643.0
2025-11-06 09:15:00,NSE:CAMS,3801.1,3809.0,3722.2,3739.8,277136.0
2025-11-07 09:15:00,NSE:CAMS,3719.8,3819.0,3667.6,3795.3,336099.0
2025-11-10 09:15:00,NSE:CAMS,3803.0,3854.0,3788.6,3817.4,240658.0
2025-11-11 09:15:00,NSE:CAMS,3817.0,3845.0,3779.0,3838.4,189736.0
2025-11-12 09:15:00,NSE:CAMS,3852.5,4019.8,3850.0,3964.0,825692.0
2025-11-13 09:15:00,NSE:CAMS,3954.5,3970.0,3914.9,3944.0,214742.0
2025-11-14 09:15:00,NSE:CAMS,3911.2,3988.0,3906.9,3938.0,218668.0
2025-11-17 09:15:00,NSE:CAMS,3940.0,4003.9,3929.1,3964.3,192395.0
2025-11-18 09:15:00,NSE:CAMS,3958.0,3966.7,3918.8,3945.8,170901.0
2025-11-19 09:15:00,NSE:CAMS,3959.0,3968.7,3915.6,3929.0,159483.0
2025-11-20 09:15:00,NSE:CAMS,3949.0,4065.0,3924.0,4014.5,711449.0
2025-11-21 09:15:00,NSE:CAMS,4014.5,4014.6,3938.2,3948.1,338051.0
2025-11-24 09:15:00,NSE:CAMS,3960.0,3968.4,3891.0,3906.8,328873.0
2025-11-25 09:15:00,NSE:CAMS,3900.0,3948.0,3847.6,3894.4,297282.0
2025-11-26 09:15:00,NSE:CAMS,3911.0,3970.0,3902.5,3933.8,312422.0
2025-11-27 09:15:00,NSE:CAMS,3957.8,3963.0,3880.0,3894.4,183418.0
2025-11-28 09:15:00,NSE:CAMS,3905.9,3914.9,3862.3,3870.3,282178.0
2025-12-01 09:15:00,NSE:CAMS,3893.3,3978.0,3876.0,3908.1,495134.0
